word,corpus_freq,n_missing,missing_bigrams,category,is_oov,keep,noise_flags,notes
नेपालकॊ,3,1,['कॊ'],CMPY,True,True,,
कोषू,3,1,['षू'],GOVT,True,True,,
परिक्षणआयोजना,2,1,['णआ'],GOVT,True,True,,
बुद्धचोकमा,47,1,['धच'],NAV,True,True,,
कालीञ्चोकमा,19,1,['ीञ'],NAV,True,True,,
करोड़ौं,3,1,['़ौ'],NAV,True,True,,
करोड़ौंको,3,1,['़ौ'],NAV,True,True,,
चेन्नई,530,1,['नई'],PROP,True,True,,
वफादार,518,1,['वफ'],PROP,True,True,,
दिवङ्गत,388,1,['वङ'],PROP,True,True,,
संर्घष,262,1,['घष'],PROP,True,True,,
उत्तरायणं,206,1,['णं'],PROP,True,True,,
अर्धचेत,205,1,['धच'],PROP,True,True,,
दुईथरी,192,1,['ईथ'],PROP,True,True,,
सहइन्चार्ज,192,1,['हइ'],PROP,True,True,,
दासढुंगा,189,1,['सढ'],PROP,True,True,,
यूथ,177,1,['ूथ'],PROP,True,True,,
साँझतिर,164,1,['झत'],PROP,True,True,,
माघभित्र,162,1,['घभ'],PROP,True,True,,
दासढुंगामा,160,1,['सढ'],PROP,True,True,,
सोरठी,157,1,['रठ'],PROP,True,True,,
जण्डिस,149,1,['जण'],PROP,True,True,,
जँचाउन,141,1,['जँ'],PROP,True,True,,
रंगखबर,134,1,['गख'],PROP,True,True,,
कथंकदाचित,126,1,['थं'],PROP,True,True,,
अर्धदक्ष,125,1,['धद'],PROP,True,True,,
मेषः,118,1,['षः'],PROP,True,True,,
रूथ,116,1,['ूथ'],PROP,True,True,,
ऐया,116,1,['ऐय'],PROP,True,True,,
चउरमा,113,1,['चउ'],PROP,True,True,,
हफ्ता,112,1,['हफ'],PROP,True,True,,
चेन्नईले,108,1,['नई'],PROP,True,True,,
काठमाडौः,107,1,['ौः'],PROP,True,True,,
घोसणा,105,1,['सण'],PROP,True,True,,
छभने,105,1,['छभ'],PROP,True,True,,
स्थूल,103,1,['थू'],PROP,True,True,,
अौं,102,1,['अौ'],PROP,True,True,,
सम्झ्ौता,101,1,['्ौ'],PROP,True,True,,
घरपझोङ,99,1,['पझ'],PROP,True,True,,
औडाहा,97,1,['औड'],PROP,True,True,,
पउल,96,1,['पउ'],PROP,True,True,,
छउन्जेल,96,1,['छउ'],PROP,True,True,,
वृषः,95,1,['षः'],PROP,True,True,,
बढछ,93,1,['ढछ'],PROP,True,True,,
फिरऊनले,91,1,['रऊ'],PROP,True,True,,
एफथ्री,90,1,['फथ'],PROP,True,True,,
जँड्याहा,89,1,['जँ'],PROP,True,True,,
बेगखोला,89,1,['गख'],PROP,True,True,,
यज्ञनिधिको,87,1,['ञन'],PROP,True,True,,
उद्घघाटन,87,1,['घघ'],PROP,True,True,,
एओसी,84,1,['एओ'],PROP,True,True,,
शुभफल,84,1,['भफ'],PROP,True,True,,
सिंढी,78,1,['ंढ'],PROP,True,True,,
सहइञ्चार्ज,78,1,['हइ'],PROP,True,True,,
ऐठन,78,1,['ऐठ'],PROP,True,True,,
पार्टर्ीी,75,1,['ीी'],PROP,True,True,,
दुईथान,74,1,['ईथ'],PROP,True,True,,
चउर,74,1,['चउ'],PROP,True,True,,
यज्ञनिधि,74,1,['ञन'],PROP,True,True,,
पुनःगठन,74,1,['ःग'],PROP,True,True,,
राष्टिूय,74,1,['िू'],PROP,True,True,,
गाइघाट,72,1,['इघ'],PROP,True,True,,
बुझइ,72,1,['झइ'],PROP,True,True,,
थिएः,71,1,['एः'],PROP,True,True,,
बाथटबमा,70,1,['थट'],PROP,True,True,,
एफफाइभ,70,1,['फफ'],PROP,True,True,,
अर्धऔपनिवेशिक,70,1,['धऔ'],PROP,True,True,,
ओच्छ्यानमा,69,1,['ओच'],PROP,True,True,,
अनुरॊध,69,2,"['रॊ', 'ॊध']",PROP,True,True,,
टी़,69,1,['ी़'],PROP,True,True,,
साइडइफेक्ट,68,1,['डइ'],PROP,True,True,,
लाउञ्ज,67,1,['उञ'],PROP,True,True,,
गर्दैे,66,1,['ैे'],PROP,True,True,,
ह्याङओभर,66,1,['ङओ'],PROP,True,True,,
वफादारी,64,1,['वफ'],PROP,True,True,,
फखर,63,1,['फख'],PROP,True,True,,
वर्षछि,63,1,['षछ'],PROP,True,True,,
संघभित्र,62,1,['घभ'],PROP,True,True,,
ऊप्रति,60,1,['ऊप'],PROP,True,True,,
अभिलेखअनुसार,59,1,['खअ'],PROP,True,True,,
हषिर्त,58,1,['हष'],PROP,True,True,,
अदुअआ,58,1,['अआ'],PROP,True,True,,
बढूवा,57,1,['ढू'],PROP,True,True,,
आञ्चलिक,57,1,['आञ'],PROP,True,True,,
ढँगले,56,1,['ढँ'],PROP,True,True,,
टेकओभर,56,1,['कओ'],PROP,True,True,,
भाग्यफल,55,1,['यफ'],PROP,True,True,,
सर्घष,55,1,['घष'],PROP,True,True,,
प्रायःद्वीपमा,55,1,['ःद'],PROP,True,True,,
फिरऊन,55,1,['रऊ'],PROP,True,True,,
माओः,55,1,['ओः'],PROP,True,True,,
कालीञ्चोक,55,1,['ीञ'],PROP,True,True,,
ङइन्द्रप्रसाद,54,1,['ङइ'],PROP,True,True,,
जँहा,53,1,['जँ'],PROP,True,True,,
दासढुङ्गा,53,1,['सढ'],PROP,True,True,,
अौपचारिक,53,1,['अौ'],PROP,True,True,,
थिएा,53,1,['एा'],PROP,True,True,,
सम्प्रेशण,52,1,['शण'],PROP,True,True,,
माझफाँट,52,1,['झफ'],PROP,True,True,,
संर्घष्ा,51,1,['घष'],PROP,True,True,,
औशत,51,1,['औश'],PROP,True,True,,
झङ्कार,50,1,['झङ'],PROP,True,True,,
बुझएको,50,1,['झए'],PROP,True,True,,
सैफअली,50,1,['फअ'],PROP,True,True,,
फेजआउट,50,1,['जआ'],PROP,True,True,,
उठछ,50,1,['ठछ'],PROP,True,True,,
झयाल,49,1,['झय'],PROP,True,True,,
निर्णण,49,1,['णण'],PROP,True,True,,
ऊभन्दा,49,1,['ऊभ'],PROP,True,True,,
ॠषि,49,1,['ॠष'],PROP,True,True,,
ऊहाँले,48,1,['ऊह'],PROP,True,True,,
सण्डे,47,1,['सण'],PROP,True,True,,
आझै,47,1,['आझ'],PROP,True,True,,
बुद्धचोक,46,1,['धच'],PROP,True,True,,
मेरठ,46,1,['रठ'],PROP,True,True,,
भासण,46,1,['सण'],PROP,True,True,,
माघभित्रै,46,1,['घभ'],PROP,True,True,,
एकैघरका,46,1,['ैघ'],PROP,True,True,,
जेडआर,46,1,['डआ'],PROP,True,True,,
छंदा,45,1,['छं'],PROP,True,True,,
डीएफओ,45,1,['फओ'],PROP,True,True,,
सङै,45,1,['ङै'],PROP,True,True,,
आझेलमा,45,1,['आझ'],PROP,True,True,,
बषिर्य,44,1,['बष'],PROP,True,True,,
लाउञ्जले,44,1,['उञ'],PROP,True,True,,
दक्षिणएशियामा,44,1,['णए'],PROP,True,True,,
लगआउट,44,1,['गआ'],PROP,True,True,,
एफएओ,43,1,['एओ'],PROP,True,True,,
दुईथरि,43,1,['ईथ'],PROP,True,True,,
बछौली,43,1,['बछ'],PROP,True,True,,
बाउआमा,43,1,['उआ'],PROP,True,True,,
एैतिहासिक,42,1,['एै'],PROP,True,True,,
हफिजले,41,1,['हफ'],PROP,True,True,,
शाश्वतधाम,41,1,['तध'],PROP,True,True,,
लोपउन्मुख,41,1,['पउ'],PROP,True,True,,
बढूवाकाे,41,1,['ढू'],PROP,True,True,,
फिरऊनलाई,41,1,['रऊ'],PROP,True,True,,
ओथारो,40,1,['ओथ'],PROP,True,True,,
भयछ,40,1,['यछ'],PROP,True,True,,
सटृा,39,2,"['टृ', 'ृा']",PROP,True,True,,
अर्को्तिर,39,1,['ो्'],PROP,True,True,,
बठ्याइँ,39,1,['बठ'],PROP,True,True,,
बाघखोरमा,39,1,['घख'],PROP,True,True,,
शंखघोष,39,1,['खघ'],PROP,True,True,,
ऐेन,39,1,['ऐे'],PROP,True,True,,
ॐकार,39,1,['ॐक'],PROP,True,True,,
करोढ,38,1,['ोढ'],PROP,True,True,,
भण्डारढिकमा,38,1,['रढ'],PROP,True,True,,
जिवछ,38,1,['वछ'],PROP,True,True,,
अपॉइंटमेंट,38,2,"['पॉ', 'ॉइ']",PROP,True,True,,
येस्तई,38,1,['तई'],PROP,True,True,,
कमाइखाने,37,1,['इख'],PROP,True,True,,
पिंढी,37,1,['ंढ'],PROP,True,True,,
पार्टर्ीीे,37,1,['ीी'],PROP,True,True,,
छंदै,37,1,['छं'],PROP,True,True,,
नारायणटार,37,1,['णट'],PROP,True,True,,
यज्ञोपवीत,37,1,['ञो'],PROP,True,True,,
सांढे,36,1,['ंढ'],PROP,True,True,,
फ्रेिंग,36,1,['ेि'],PROP,True,True,,
जनयुद्धदेखि,35,1,['धद'],PROP,True,True,,
भण्डारढिक,35,1,['रढ'],PROP,True,True,,
सहइन्चार्जमा,35,1,['हइ'],PROP,True,True,,
कथं,35,1,['थं'],PROP,True,True,,
श्रृँखला,35,1,['ृँ'],PROP,True,True,,
दर्पणछाया,35,1,['णछ'],PROP,True,True,,
दर्पणछायाँ,35,1,['णछ'],PROP,True,True,,
हातधुने,34,1,['तध'],PROP,True,True,,
समाजः,34,1,['जः'],PROP,True,True,,
वार्षिकउत्सव,34,1,['कउ'],PROP,True,True,,
माइखोलामा,33,1,['इख'],PROP,True,True,,
सशष्त्र,33,1,['शष'],PROP,True,True,,
षट्कोण,33,1,['षट'],PROP,True,True,,
ऐयरले,33,1,['ऐय'],PROP,True,True,,
समृध्द,32,1,['ृध'],PROP,True,True,,
ओच्छ्यान,32,1,['ओच'],PROP,True,True,,
अर्घखाँची,32,1,['घख'],PROP,True,True,,
दक्षिणएशियाको,32,1,['णए'],PROP,True,True,,
र्झछ,32,1,['झछ'],PROP,True,True,,
कृष्णउदास,32,1,['णउ'],PROP,True,True,,
धेरैओटा,32,1,['ैओ'],PROP,True,True,,
माओेवादी,31,1,['ओे'],PROP,True,True,,
पढून्,31,1,['ढू'],PROP,True,True,,
छंदैछ,31,1,['छं'],PROP,True,True,,
बुझइमा,31,1,['झइ'],PROP,True,True,,
टेर्डथाई,31,1,['डथ'],PROP,True,True,,
दःुख,31,1,['ःु'],PROP,True,True,,
धकधई,31,1,['धई'],PROP,True,True,,
नौओटा,31,1,['ौओ'],PROP,True,True,,
आऔं,31,1,['आऔ'],PROP,True,True,,
युद्धदेखि,30,1,['धद'],PROP,True,True,,
ऊंचाई,30,1,['ऊं'],PROP,True,True,,
वाकओभर,30,1,['कओ'],PROP,True,True,,
जण्डीस,30,1,['जण'],PROP,True,True,,
एऊटा,30,2,"['ऊट', 'एऊ']",PROP,True,True,,
भाउअनुसार,30,1,['उअ'],PROP,True,True,,
विथआउट,30,1,['थआ'],PROP,True,True,,
आञ्चलिकता,30,1,['आञ'],PROP,True,True,,
धेरैे,29,1,['ैे'],PROP,True,True,,
छउञ्जेल,29,2,"['उञ', 'छउ']",PROP,True,True,,
जीवछ,29,1,['वछ'],PROP,True,True,,
देहधारण,29,1,['हध'],PROP,True,True,,
ढँटुवा,29,1,['ढँ'],PROP,True,True,,
गणेशधाम,29,1,['शध'],PROP,True,True,,
उइघुर,29,1,['इघ'],PROP,True,True,,
सैफअलि,29,1,['फअ'],PROP,True,True,,
तसर्थः,29,1,['थः'],PROP,True,True,,
सफथ,29,1,['फथ'],PROP,True,True,,
श्रेष्ठः,29,1,['ठः'],PROP,True,True,,
ठँलो,29,1,['ठँ'],PROP,True,True,,
नैे,28,1,['ैे'],PROP,True,True,,
ईङ्गल्याण्ड,28,1,['ईङ'],PROP,True,True,,
गर्यो्,28,1,['ो्'],PROP,True,True,,
जेडएसएल,28,1,['डए'],PROP,True,True,,
जण्डिसको,28,1,['जण'],PROP,True,True,,
युथफोर्स,28,1,['थफ'],PROP,True,True,,
बाउआमाले,28,1,['उआ'],PROP,True,True,,
ठंडा,28,1,['ठं'],PROP,True,True,,
डेढघण्टा,28,1,['ढघ'],PROP,True,True,,
पितृधनको,27,1,['ृध'],PROP,True,True,,
महफ्वपूर्ण,27,1,['हफ'],PROP,True,True,,
आमउपभोक्तालाई,27,1,['मउ'],PROP,True,True,,
मध्यपुरठिमी,27,1,['रठ'],PROP,True,True,,
झयालबाट,27,1,['झय'],PROP,True,True,,
घोशणा,27,1,['शण'],PROP,True,True,,
रूघाखोकी,27,1,['ूघ'],PROP,True,True,,
औतारी,27,1,['औत'],PROP,True,True,,
नारायणथान,27,1,['णथ'],PROP,True,True,,
सयओटा,27,1,['यओ'],PROP,True,True,,
लाभभन्दा,26,1,['भभ'],PROP,True,True,,
ब्याकइन्ड,26,1,['कइ'],PROP,True,True,,
आंफै,26,1,['ंफ'],PROP,True,True,,
ओेली,26,1,['ओे'],PROP,True,True,,
देहधारी,26,1,['हध'],PROP,True,True,,
शड्ढया,26,1,['शड'],PROP,True,True,,
डिएफओ,26,1,['फओ'],PROP,True,True,,
बाघखोर,26,1,['घख'],PROP,True,True,,
मृघशिरा,26,2,"['घश', 'ृघ']",PROP,True,True,,
देशघाती,26,1,['शघ'],PROP,True,True,,
राष्ट्रऋण,26,1,['रऋ'],PROP,True,True,,
आजः,25,1,['जः'],PROP,True,True,,
पॉच,25,2,"['पॉ', 'ॉच']",PROP,True,True,,
ऋद्धिसिद्धि,25,1,['ऋद'],PROP,True,True,,
शड्ढयाको,25,1,['शड'],PROP,True,True,,
पढछन्,25,1,['ढछ'],PROP,True,True,,
बिगँ्रदै,25,1,['ँ्'],PROP,True,True,,
बुझएका,25,1,['झए'],PROP,True,True,,
विशेषज्ञद्वारा,25,1,['ञद'],PROP,True,True,,
दैलेखखवर,25,1,['खख'],PROP,True,True,,
कथंकदाचित्,25,1,['थं'],PROP,True,True,,
पाँचऔंले,25,1,['चऔ'],PROP,True,True,,
टेर्डथाइ,25,1,['डथ'],PROP,True,True,,
ज्ञण्,25,1,['ञण'],PROP,True,True,,
ऋखार,25,1,['ऋख'],PROP,True,True,,
आमउपभोक्ता,24,1,['मउ'],PROP,True,True,,
निर्णयउपर,24,1,['यउ'],PROP,True,True,,
सिङो,24,1,['ङो'],PROP,True,True,,
स्वछन्द,24,1,['वछ'],PROP,True,True,,
एैन,24,1,['एै'],PROP,True,True,,
फउल,24,1,['फउ'],PROP,True,True,,
रूघा,24,1,['ूघ'],PROP,True,True,,
बाउआमाको,24,1,['उआ'],PROP,True,True,,
भेंडा़हरू,24,1,['़ह'],PROP,True,True,,
ऊखु,24,1,['ऊख'],PROP,True,True,,
आमउपभोक्ताले,23,1,['मउ'],PROP,True,True,,
फच्र्यौट,23,1,['फच'],PROP,True,True,,
बाथटब,23,1,['थट'],PROP,True,True,,
गाइघाटमा,23,1,['इघ'],PROP,True,True,,
सौर्यऊर्जा,23,1,['यऊ'],PROP,True,True,,
विश्लेशण,22,1,['शण'],PROP,True,True,,
अउने,22,1,['अउ'],PROP,True,True,,
फच्चे,22,1,['फच'],PROP,True,True,,
ग़ैर,22,2,"['ग़', '़ै']",PROP,True,True,,
राहधानी,22,1,['हध'],PROP,True,True,,
शत्रुू,22,1,['ुू'],PROP,True,True,,
जञ्जालमा,22,1,['जञ'],PROP,True,True,,
बुझछन्,22,1,['झछ'],PROP,True,True,,
ह्याङआउट,22,1,['ङआ'],PROP,True,True,,
छिःछिः,22,1,['ःछ'],PROP,True,True,,
भएठाउँ,22,1,['एठ'],PROP,True,True,,
ऑनलाइन,22,1,['ऑन'],PROP,True,True,,
विशष,21,1,['शष'],PROP,True,True,,
ओचा,21,1,['ओच'],PROP,True,True,,
उझिन्डो,21,1,['उझ'],PROP,True,True,,
गर्नेु,21,1,['ेु'],PROP,True,True,,
छ्यासछ्यास्ती,21,1,['सछ'],PROP,True,True,,
छफफल,21,2,"['छफ', 'फफ']",PROP,True,True,,
साउथएशियन,21,1,['थए'],PROP,True,True,,
ओँठ,21,1,['ओँ'],PROP,True,True,,
पाँचऔँले,21,1,['चऔ'],PROP,True,True,,
अलऐनमा,21,1,['लऐ'],PROP,True,True,,
मझधारमा,21,1,['झध'],PROP,True,True,,
छओटा,21,1,['छओ'],PROP,True,True,,
जॉंच,20,2,"['जॉ', 'ॉं']",PROP,True,True,,
ल्यएको,20,1,['यए'],PROP,True,True,,
छुटृै,20,2,"['टृ', 'ृै']",PROP,True,True,,
लागउने,20,1,['गउ'],PROP,True,True,,
आशफोर्ड,20,1,['शफ'],PROP,True,True,,
भदौः,20,1,['ौः'],PROP,True,True,,
स्मरणीयछ,20,1,['यछ'],PROP,True,True,,
समयछ,20,1,['यछ'],PROP,True,True,,
युएफओ,20,1,['फओ'],PROP,True,True,,
सॉझ,20,2,"['सॉ', 'ॉझ']",PROP,True,True,,
विज्ञद्वारा,20,1,['ञद'],PROP,True,True,,
दक्षिणएशिया,20,1,['णए'],PROP,True,True,,
अन्तर्राष्टिूय,20,1,['िू'],PROP,True,True,,
भएा,20,1,['एा'],PROP,True,True,,
राजइच्छा,20,1,['जइ'],PROP,True,True,,
हरिऔन,20,1,['औन'],PROP,True,True,,
रोज़गार,20,1,['़ग'],PROP,True,True,,
पाठः,20,1,['ठः'],PROP,True,True,,
ऎतिहासिक,20,1,['ऎत'],PROP,True,True,,
ओदान,19,1,['ओद'],PROP,True,True,,
पर्यो्,19,1,['ो्'],PROP,True,True,,
लोडसेिडंग,19,1,['ेि'],PROP,True,True,,
लिंक्डइन,19,1,['डइ'],PROP,True,True,,
गृहषृष्ठ,19,2,"['षृ', 'हष']",PROP,True,True,,
बिचफाँटामा,19,1,['चफ'],PROP,True,True,,
रेणू,19,1,['णू'],PROP,True,True,,
ओषधि,19,1,['ओष'],PROP,True,True,,
ऐयर,19,1,['ऐय'],PROP,True,True,,
ऊजस्तै,19,1,['ऊज'],PROP,True,True,,
वर्षउमेर,19,1,['षउ'],PROP,True,True,,
पाँचऔले,19,1,['चऔ'],PROP,True,True,,
ओङ्दी,19,1,['ओङ'],PROP,True,True,,
एक्लैएक्लै,19,1,['ैए'],PROP,True,True,,
आेलीले,19,1,['आे'],PROP,True,True,,
गर्योि,19,1,['ोि'],PROP,True,True,,
अफठ्यारो,19,1,['फठ'],PROP,True,True,,
माघशुक्ल,19,1,['घश'],PROP,True,True,,
पूर्वऊर्जामन्त्री,19,1,['वऊ'],PROP,True,True,,
सऊदी,19,1,['सऊ'],PROP,True,True,,
तठस्थ,19,1,['तठ'],PROP,True,True,,
ओद्योगिक,18,1,['ओद'],PROP,True,True,,
बछौलीका,18,1,['बछ'],PROP,True,True,,
बछलाथ्व,18,1,['बछ'],PROP,True,True,,
रहष्य,18,1,['हष'],PROP,True,True,,
मेकओभर,18,1,['कओ'],PROP,True,True,,
ओषधी,18,1,['ओष'],PROP,True,True,,
ढृढ,18,1,['ढृ'],PROP,True,True,,
चापागांईले,18,1,['ंई'],PROP,True,True,,
पुनःथप,18,1,['ःथ'],PROP,True,True,,
लेखफाँट,18,1,['खफ'],PROP,True,True,,
घईले,18,1,['घई'],PROP,True,True,,
समझशक्ति,18,1,['झश'],PROP,True,True,,
गनेृ,17,1,['ेृ'],PROP,True,True,,
ऋद्धि,17,1,['ऋद'],PROP,True,True,,
आछामी,17,1,['आछ'],PROP,True,True,,
नारायणटारमा,17,1,['णट'],PROP,True,True,,
झङ्कृत,17,1,['झङ'],PROP,True,True,,
गछर्ौं,17,1,['्ौ'],PROP,True,True,,
सीओओ,17,1,['ओओ'],PROP,True,True,,
एफई,17,1,['फई'],PROP,True,True,,
औतार,17,1,['औत'],PROP,True,True,,
ओङ्छु,17,1,['ओङ'],PROP,True,True,,
माझफाँटमा,17,1,['झफ'],PROP,True,True,,
आेली,17,1,['आे'],PROP,True,True,,
जठराग्नि,17,1,['जठ'],PROP,True,True,,
षड़यन्त्र,17,1,['़य'],PROP,True,True,,
हौइन,17,1,['ौइ'],PROP,True,True,,
अओइले,17,1,['अओ'],PROP,True,True,,
ज्ञघ,17,1,['ञघ'],PROP,True,True,,
बषिर्या,16,1,['बष'],PROP,True,True,,
पढ़न,16,1,['़न'],PROP,True,True,,
अमेज़न,16,1,['़न'],PROP,True,True,,
लागउन,16,1,['गउ'],PROP,True,True,,
थूप्रै,16,1,['थू'],PROP,True,True,,
गर्नेुपर्ने,16,1,['ेु'],PROP,True,True,,
ऋद्धिबहादुर,16,1,['ऋद'],PROP,True,True,,
जॉन,16,2,"['जॉ', 'ॉन']",PROP,True,True,,
उशा,16,1,['उश'],PROP,True,True,,
शड्ढयामा,16,1,['शड'],PROP,True,True,,
झङ्कनाथ,16,1,['झङ'],PROP,True,True,,
युथफोर्सका,16,1,['थफ'],PROP,True,True,,
जञ्जाल,16,1,['जञ'],PROP,True,True,,
कतिपए,16,1,['पए'],PROP,True,True,,
हिजआज,16,1,['जआ'],PROP,True,True,,
ओङदी,16,1,['ओङ'],PROP,True,True,,
थिए्,16,1,['ए्'],PROP,True,True,,
भैईरहेको,16,1,['ैई'],PROP,True,True,,
माझफाल,16,1,['झफ'],PROP,True,True,,
ट्रेडथाई,16,1,['डथ'],PROP,True,True,,
तपाईलाईउल्लेखित,16,1,['ईउ'],PROP,True,True,,
गुइठा,16,1,['इठ'],PROP,True,True,,
माझखर्क,16,1,['झख'],PROP,True,True,,
आङङिमा,16,1,['ङङ'],PROP,True,True,,
ज्ञछ,16,1,['ञछ'],PROP,True,True,,
पॉंच,15,2,"['पॉ', 'ॉं']",PROP,True,True,,
जावफ,15,1,['वफ'],PROP,True,True,,
ग़लत,15,2,"['ग़', '़ल']",PROP,True,True,,
बीऊहरू,15,2,"['ऊह', 'ीऊ']",PROP,True,True,,
ओएन्डएम,15,1,['डए'],PROP,True,True,,
दाङः,15,1,['ङः'],PROP,True,True,,
त्यसछि,15,1,['सछ'],PROP,True,True,,
पढछु,15,1,['ढछ'],PROP,True,True,,
सहउत्पादन,15,1,['हउ'],PROP,True,True,,
हुन्छभने,15,1,['छभ'],PROP,True,True,,
सौफ,15,1,['ौफ'],PROP,True,True,,
विशेषखालको,15,1,['षख'],PROP,True,True,,
बर्न्टओक,15,1,['टओ'],PROP,True,True,,
अफशोच,15,1,['फश'],PROP,True,True,,
सहजढंगले,15,1,['जढ'],PROP,True,True,,
सञचालन,15,1,['ञच'],PROP,True,True,,
ज्ञठ,15,1,['ञठ'],PROP,True,True,,
औघोगिक,15,1,['औघ'],PROP,True,True,,
दुृई,15,1,['ृई'],PROP,True,True,,
विजयउत्सव,14,1,['यउ'],PROP,True,True,,
सेिडंग,14,1,['ेि'],PROP,True,True,,
आशफोर्डमा,14,1,['शफ'],PROP,True,True,,
सछ्वान,14,1,['सछ'],PROP,True,True,,
हिउङ,14,1,['उङ'],PROP,True,True,,
आछाम,14,1,['आछ'],PROP,True,True,,
दुखःद,14,1,['ःद'],PROP,True,True,,
शुक्राणू,14,1,['णू'],PROP,True,True,,
सामान्यझैँ,14,1,['यझ'],PROP,True,True,,
सुढृढ,14,1,['ढृ'],PROP,True,True,,
साउथएशिया,14,1,['थए'],PROP,True,True,,
अदुअआले,14,1,['अआ'],PROP,True,True,,
रामऔतार,14,2,"['औत', 'मऔ']",PROP,True,True,,
कोटथर,14,1,['टथ'],PROP,True,True,,
सिओओ,14,1,['ओओ'],PROP,True,True,,
ऊजस्तो,14,1,['ऊज'],PROP,True,True,,
अर्थः,14,1,['थः'],PROP,True,True,,
बुझछु,14,1,['झछ'],PROP,True,True,,
गणेशथान,14,1,['शथ'],PROP,True,True,,
माझखर्कमा,14,1,['झख'],PROP,True,True,,
माझखण्ड,14,1,['झख'],PROP,True,True,,
यज्ञोपवित,14,1,['ञो'],PROP,True,True,,
मझधार,14,1,['झध'],PROP,True,True,,
वायुऊर्जा,14,1,['ुऊ'],PROP,True,True,,
अलऐन,14,1,['लऐ'],PROP,True,True,,
उत्कृठ,14,1,['ृठ'],PROP,True,True,,
भऐको,14,1,['भऐ'],PROP,True,True,,
ऋक्,14,1,['ऋक'],PROP,True,True,,
सबओभरसियर,14,1,['बओ'],PROP,True,True,,
ग़ज़ल,13,3,"['ग़', '़ज', '़ल']",PROP,True,True,,
केन्ऽीय,13,2,"['ऽी', '्ऽ']",PROP,True,True,,
बठेइ,13,1,['बठ'],PROP,True,True,,
एफएओको,13,1,['एओ'],PROP,True,True,,
विशषेज्ञ,13,1,['शष'],PROP,True,True,,
हाछेथूले,13,1,['थू'],PROP,True,True,,
टेम्केमैयङु,13,1,['ङु'],PROP,True,True,,
क्रिकइन्फोले,13,1,['कइ'],PROP,True,True,,
पउने,13,1,['पउ'],PROP,True,True,,
माओेवादीसँग,13,1,['ओे'],PROP,True,True,,
झ्यापझ्याप,13,1,['पझ'],PROP,True,True,,
वाटशनले,13,1,['टश'],PROP,True,True,,
सामान्यझैं,13,1,['यझ'],PROP,True,True,,
अझ्ौ,13,1,['्ौ'],PROP,True,True,,
पएको,13,1,['पए'],PROP,True,True,,
प्रमुखअतिथि,13,1,['खअ'],PROP,True,True,,
वझा,13,1,['वझ'],PROP,True,True,,
मेटिूक,13,1,['िू'],PROP,True,True,,
बुझइएको,13,1,['झइ'],PROP,True,True,,
शङ्खघोष,13,1,['खघ'],PROP,True,True,,
ढुङ्गैढुङ्गा,13,1,['ैढ'],PROP,True,True,,
दक्षिणढोका,13,1,['णढ'],PROP,True,True,,
छठअघि,13,1,['ठअ'],PROP,True,True,,
सहईन्चार्ज,13,1,['हई'],PROP,True,True,,
जेठः,13,1,['ठः'],PROP,True,True,,
मातृऔंसी,13,1,['ृऔ'],PROP,True,True,,
धकधईमा,13,1,['धई'],PROP,True,True,,
बर्दघआट,13,1,['घआ'],PROP,True,True,,
भऱ्याङ,13,1,['भऱ'],PROP,True,True,,
प्रागऐतिहासिक,13,1,['गऐ'],PROP,True,True,,
ज्ञढ,13,1,['ञढ'],PROP,True,True,,
मध्यएसिया,12,1,['यए'],PROP,True,True,,
गउको,12,1,['गउ'],PROP,True,True,,
अउडी,12,1,['अउ'],PROP,True,True,,
सैघा,12,1,['ैघ'],PROP,True,True,,
लिङ्क्डइन,12,1,['डइ'],PROP,True,True,,
मोरङः,12,1,['ङः'],PROP,True,True,,
पाठइ्पुस्तक,12,2,"['इ्', 'ठइ']",PROP,True,True,,
देउशी,12,1,['उश'],PROP,True,True,,
फुटशल,12,1,['टश'],PROP,True,True,,
एडजष्ट,12,1,['जष'],PROP,True,True,,
बुझए,12,1,['झए'],PROP,True,True,,
अदुअआको,12,1,['अआ'],PROP,True,True,,
वाउछङ्सा,12,1,['छङ'],PROP,True,True,,
बौछार,12,1,['ौछ'],PROP,True,True,,
पूाजी,12,1,['ूा'],PROP,True,True,,
पुनःएकीकरण,12,1,['ःए'],PROP,True,True,,
छफलमा,12,1,['छफ'],PROP,True,True,,
यज्ञयज्ञादि,12,1,['ञय'],PROP,True,True,,
छौुं,12,1,['ौु'],PROP,True,True,,
प्रवेशआज्ञा,12,1,['शआ'],PROP,True,True,,
शुभफलदायी,12,1,['भफ'],PROP,True,True,,
दईवटा,12,1,['दई'],PROP,True,True,,
ह्यांगओभर,12,1,['गओ'],PROP,True,True,,
सहईञ्चार्ज,12,1,['हई'],PROP,True,True,,
भएो,12,1,['एो'],PROP,True,True,,
टेक्नोलॉजी,12,1,['ॉज'],PROP,True,True,,
घइते,12,1,['घइ'],PROP,True,True,,
आञ्चलिकताको,12,1,['आञ'],PROP,True,True,,
मकई,12,1,['कई'],PROP,True,True,,
ज्ञट,12,1,['ञट'],PROP,True,True,,
रकमऋण,12,1,['मऋ'],PROP,True,True,,
वर्षऔं,12,1,['षऔ'],PROP,True,True,,
सॉंच्चै,11,2,"['सॉ', 'ॉं']",PROP,True,True,,
ओदालीमा,11,1,['ओद'],PROP,True,True,,
आफ़नो,11,1,['़न'],PROP,True,True,,
ल्यएर,11,1,['यए'],PROP,True,True,,
वङगलादेश,11,1,['वङ'],PROP,True,True,,
बठे,11,1,['बठ'],PROP,True,True,,
जेडएस,11,1,['डए'],PROP,True,True,,
राजनीीतक,11,1,['ीी'],PROP,True,True,,
घाइेत,11,1,['इे'],PROP,True,True,,
जवाफचाहिँ,11,1,['फच'],PROP,True,True,,
नेृतत्व,11,1,['ेृ'],PROP,True,True,,
घरैघरले,11,1,['ैघ'],PROP,True,True,,
षट्चक्रको,11,1,['षट'],PROP,True,True,,
बीचफाँटामा,11,1,['चफ'],PROP,True,True,,
यादृच्छिक,11,1,['ृच'],PROP,True,True,,
बिगँ्रदो,11,1,['ँ्'],PROP,True,True,,
आऊछ,11,1,['ऊछ'],PROP,True,True,,
जष्टिन,11,1,['जष'],PROP,True,True,,
बागझोरामा,11,1,['गझ'],PROP,True,True,,
सष्ट्रा,11,1,['सष'],PROP,True,True,,
वझाङ,11,1,['वझ'],PROP,True,True,,
दूघ,11,1,['ूघ'],PROP,True,True,,
बताए्,11,1,['ए्'],PROP,True,True,,
शरणं,11,1,['णं'],PROP,True,True,,
भैई,11,1,['ैई'],PROP,True,True,,
श्रृँखलामा,11,1,['ृँ'],PROP,True,True,,
साउथइस्ट,11,1,['थइ'],PROP,True,True,,
ह्याङओभरबाट,11,1,['ङओ'],PROP,True,True,,
ऑफ़,11,1,['ऑफ'],PROP,True,True,,
घुषखोरी,11,1,['षख'],PROP,True,True,,
रिङआउट,11,1,['ङआ'],PROP,True,True,,
राजनीतिज्ञभन्दा,11,1,['ञभ'],PROP,True,True,,
पादटिप्पणी,11,1,['दट'],PROP,True,True,,
म़ा,11,1,['म़'],PROP,True,True,,
बौएलाल,11,1,['ौए'],PROP,True,True,,
ऑखा,11,1,['ऑख'],PROP,True,True,,
भढी,11,1,['भढ'],PROP,True,True,,
खेलकुद़़,11,2,"['द़', '़़']",PROP,True,True,,
गाहृो,11,1,['ृो'],PROP,True,True,,
बढएको,11,1,['ढए'],PROP,True,True,,
अघिल्लॊ,11,1,['लॊ'],PROP,True,True,,
दशओटा,11,1,['शओ'],PROP,True,True,,
मनऋषि,11,1,['नऋ'],PROP,True,True,,
स्रोतःई,11,1,['ःई'],PROP,True,True,,
जॉंदा,10,2,"['जॉ', 'ॉं']",PROP,True,True,,
लालपटृीका,10,2,"['टृ', 'ृी']",PROP,True,True,,
माअेवादी,10,1,['अे'],PROP,True,True,,
एैरीले,10,1,['एै'],PROP,True,True,,
चउन्न,10,1,['चउ'],PROP,True,True,,
ओथेलो,10,1,['ओथ'],PROP,True,True,,
गाउॅपालिका,10,2,"['उॅ', 'ॅप']",PROP,True,True,,
म्याचफिक्सिङ,10,1,['चफ'],PROP,True,True,,
उब्जाउशील,10,1,['उश'],PROP,True,True,,
ढँगबाट,10,1,['ढँ'],PROP,True,True,,
ढृढता,10,1,['ढृ'],PROP,True,True,,
जञ्जिरमा,10,1,['जञ'],PROP,True,True,,
फखरुद्दिन,10,1,['फख'],PROP,True,True,,
फखरले,10,1,['फख'],PROP,True,True,,
छभन्दा,10,1,['छभ'],PROP,True,True,,
ओष्ठ्य,10,1,['ओष'],PROP,True,True,,
कठठा,10,1,['ठठ'],PROP,True,True,,
रहछन,10,1,['हछ'],PROP,True,True,,
वर्षउमेरका,10,1,['षउ'],PROP,True,True,,
ओँठमा,10,1,['ओँ'],PROP,True,True,,
पिचईले,10,1,['चई'],PROP,True,True,,
श्रृँखलाबद्ध,10,1,['ृँ'],PROP,True,True,,
चाड़हरू,10,1,['़ह'],PROP,True,True,,
एऊटै,10,2,"['ऊट', 'एऊ']",PROP,True,True,,
उद्घघोष,10,1,['घघ'],PROP,True,True,,
ऐठपुर,10,1,['ऐठ'],PROP,True,True,,
ऑफै,10,1,['ऑफ'],PROP,True,True,,
ऐमाले,10,1,['ऐम'],PROP,True,True,,
औडाह,10,1,['औड'],PROP,True,True,,
ठाडठाडै,10,1,['डठ'],PROP,True,True,,
परिक्षफल,10,1,['षफ'],PROP,True,True,,
ऑस्ट्रेलिया,10,1,['ऑस'],PROP,True,True,,
छिःछि,10,1,['ःछ'],PROP,True,True,,
पेटूोलियम,10,1,['ूो'],PROP,True,True,,
हौऔ,10,1,['ौऔ'],PROP,True,True,,
यज्ञडोल,10,1,['ञड'],PROP,True,True,,
पछिल्लॊ,10,1,['लॊ'],PROP,True,True,,
सिद्धथान,10,1,['धथ'],PROP,True,True,,
कृष्णऔँसीका,10,1,['णऔ'],PROP,True,True,,
जनकऋषि,10,1,['कऋ'],PROP,True,True,,
वठा,10,1,['वठ'],PROP,True,True,,
गरििदए,9,2,"['दए', 'िि']",PROP,True,True,,
केन्ऽका,9,2,"['ऽक', '्ऽ']",PROP,True,True,,
केन्ऽको,9,2,"['ऽक', '्ऽ']",PROP,True,True,,
केन्ऽमा,9,2,"['ऽम', '्ऽ']",PROP,True,True,,
ठृ्लो,9,2,"['ठृ', 'ृ्']",PROP,True,True,,
दार्जीलिङः,9,1,['ङः'],PROP,True,True,,
सिलिङअनुसार,9,1,['ङअ'],PROP,True,True,,
सवस्टशेनमा,9,1,['टश'],PROP,True,True,,
परमाणू,9,1,['णू'],PROP,True,True,,
पाँचधारेबाट,9,1,['चध'],PROP,True,True,,
बिगिँ्रदै,9,1,['ँ्'],PROP,True,True,,
सूर्यझैँ,9,1,['यझ'],PROP,True,True,,
गणणा,9,1,['णण'],PROP,True,True,,
वैशाखअगावै,9,1,['खअ'],PROP,True,True,,
खखनाको,9,1,['खख'],PROP,True,True,,
हरिऔनमा,9,1,['औन'],PROP,True,True,,
सङठन,9,1,['ङठ'],PROP,True,True,,
धण्टा,9,1,['धण'],PROP,True,True,,
ऊष्म,9,1,['ऊष'],PROP,True,True,,
वेष्टईण्डिज,9,1,['टई'],PROP,True,True,,
पुनःएक,9,1,['ःए'],PROP,True,True,,
वर्षखेलाडी,9,1,['षख'],PROP,True,True,,
नारायणथानमा,9,1,['णथ'],PROP,True,True,,
नारायणथानको,9,1,['णथ'],PROP,True,True,,
अर्धउपनिवेश,9,1,['धउ'],PROP,True,True,,
ऊविरुद्ध,9,1,['ऊव'],PROP,True,True,,
पर्योि,9,1,['ोि'],PROP,True,True,,
चोरऔंला,9,1,['रऔ'],PROP,True,True,,
ुएु,9,1,['एु'],PROP,True,True,,
हेऱ्यो,9,1,['ेऱ'],PROP,True,True,,
ज्ञड,9,1,['ञड'],PROP,True,True,,
आमऔषधि,9,1,['मऔ'],PROP,True,True,,
भठ्ठी,9,1,['भठ'],PROP,True,True,,
प्राङणमा,9,1,['ङण'],PROP,True,True,,
सगॅ,9,1,['गॅ'],PROP,True,True,,
रशमॊर,9,2,"['मॊ', 'ॊर']",PROP,True,True,,
तथष्ट,9,1,['थष'],PROP,True,True,,
श्रद्धञ्जली,9,1,['धञ'],PROP,True,True,,
आदेशउपर,9,1,['शउ'],PROP,True,True,,
उऋण,9,1,['उऋ'],PROP,True,True,,
मऱ्यो,9,1,['मऱ'],PROP,True,True,,
सॉंचो,8,2,"['सॉ', 'ॉं']",PROP,True,True,,
गाँऊपालिका,8,2,"['ँऊ', 'ऊप']",PROP,True,True,,
कटृी,8,2,"['टृ', 'ृी']",PROP,True,True,,
र्आिर्थक,8,2,"['आि', '्आ']",PROP,True,True,,
च्याउझैं,8,1,['उझ'],PROP,True,True,,
बिउझिँदा,8,1,['उझ'],PROP,True,True,,
गाउॅमा,8,2,"['उॅ', 'ॅम']",PROP,True,True,,
ओथारा,8,1,['ओथ'],PROP,True,True,,
झ्यापझुप,8,1,['पझ'],PROP,True,True,,
आछुआछु,8,1,['आछ'],PROP,True,True,,
प्रायःद्वीप,8,1,['ःद'],PROP,True,True,,
गफभन्दा,8,1,['फभ'],PROP,True,True,,
हुॅदै,8,2,"['ुॅ', 'ॅद']",PROP,True,True,,
चतेऔ,8,1,['ेऔ'],PROP,True,True,,
रुपए,8,1,['पए'],PROP,True,True,,
स्ट्यान्डआउट,8,1,['डआ'],PROP,True,True,,
ओओता,8,1,['ओओ'],PROP,True,True,,
भट्टथोकमा,8,1,['टथ'],PROP,True,True,,
टथ्र्यो,8,1,['टथ'],PROP,True,True,,
सरसफई,8,1,['फई'],PROP,True,True,,
पाएा,8,1,['एा'],PROP,True,True,,
पइएको,8,1,['पइ'],PROP,True,True,,
वर्षौअघि,8,1,['ौअ'],PROP,True,True,,
तेस्रंो,8,1,['ंो'],PROP,True,True,,
भए्,8,1,['ए्'],PROP,True,True,,
ऊजुरी,8,1,['ऊज'],PROP,True,True,,
भनाइः,8,1,['इः'],PROP,True,True,,
व्यवःथा,8,1,['ःथ'],PROP,True,True,,
शथप,8,1,['शथ'],PROP,True,True,,
प्लाईउड,8,1,['ईउ'],PROP,True,True,,
पुनःएकपटक,8,1,['ःए'],PROP,True,True,,
औडव,8,1,['औड'],PROP,True,True,,
नारायणढ,8,1,['णढ'],PROP,True,True,,
आेलीको,8,1,['आे'],PROP,True,True,,
रूञ्चे,8,1,['ूञ'],PROP,True,True,,
ऐभरेष्ट,8,1,['ऐभ'],PROP,True,True,,
ऋिण,8,1,['ऋि'],PROP,True,True,,
तीर्थधाम,8,1,['थध'],PROP,True,True,,
प्रत्यक्षफल,8,1,['षफ'],PROP,True,True,,
अफशोर,8,1,['फश'],PROP,True,True,,
दःुखी,8,1,['ःु'],PROP,True,True,,
स्वःचालित,8,1,['ःच'],PROP,True,True,,
ङइन्द्र,8,1,['ङइ'],PROP,True,True,,
निष्कर्षछ,8,1,['षछ'],PROP,True,True,,
प्रतिऋणपत्र,8,1,['िऋ'],PROP,True,True,,
चितई,8,1,['तई'],PROP,True,True,,
शुक्रऋषि,8,1,['रऋ'],PROP,True,True,,
सरक्षंण,8,1,['षं'],PROP,True,True,,
पहाड़वासीको,8,1,['़व'],PROP,True,True,,
थिऐ,8,1,['िऐ'],PROP,True,True,,
ऋंखला,8,1,['ऋं'],PROP,True,True,,
ऐेतिहासिक,8,1,['ऐे'],PROP,True,True,,
थण्डर,8,1,['थण'],PROP,True,True,,
ऋखारमा,8,1,['ऋख'],PROP,True,True,,
पार्टीै,8,1,['ीै'],PROP,True,True,,
शठता,8,1,['शठ'],PROP,True,True,,
शइमन,8,1,['शइ'],PROP,True,True,,
हेऱ्यौं,8,1,['ेऱ'],PROP,True,True,,
आऔँ,8,1,['आऔ'],PROP,True,True,,
ढाँटढुँट,8,1,['टढ'],PROP,True,True,,
स्वऐच्छिक,8,1,['वऐ'],PROP,True,True,,
छध्र,8,1,['छध'],PROP,True,True,,
एफइआइएमएस,7,2,"['इआ', 'फइ']",PROP,True,True,,
गरििदएको,7,2,"['दए', 'िि']",PROP,True,True,,
चॉंही,7,2,"['चॉ', 'ॉं']",PROP,True,True,,
घाइेते,7,1,['इे'],PROP,True,True,,
विद्आउट,7,1,['्आ'],PROP,True,True,,
तेसं्रो,7,1,['ं्'],PROP,True,True,,
पाठइ्क्रम,7,2,"['इ्', 'ठइ']",PROP,True,True,,
माइक्रोसॉफ्ट,7,2,"['सॉ', 'ॉफ']",PROP,True,True,,
जवाफभन्दा,7,1,['फभ'],PROP,True,True,,
पाँचधारेले,7,1,['चध'],PROP,True,True,,
गाऊं,7,1,['ऊं'],PROP,True,True,,
फउण्डेशन,7,1,['फउ'],PROP,True,True,,
तपांई,7,1,['ंई'],PROP,True,True,,
वझाले,7,1,['वझ'],PROP,True,True,,
सष्टा,7,1,['सष'],PROP,True,True,,
हाम्रंो,7,1,['ंो'],PROP,True,True,,
ुबीु,7,1,['ीु'],PROP,True,True,,
लाहछाप,7,1,['हछ'],PROP,True,True,,
दोस्रंो,7,1,['ंो'],PROP,True,True,,
नेवाःताम्सालिङ,7,1,['ःत'],PROP,True,True,,
न्यौछावर,7,1,['ौछ'],PROP,True,True,,
सदष्य,7,1,['दष'],PROP,True,True,,
यात्रृबहाक,7,1,['ृब'],PROP,True,True,,
साउथइष्ट,7,1,['थइ'],PROP,True,True,,
कटठा,7,1,['टठ'],PROP,True,True,,
ठउर,7,1,['ठउ'],PROP,True,True,,
पुनःआग्रह,7,1,['ःआ'],PROP,True,True,,
लेखफाँटमा,7,1,['खफ'],PROP,True,True,,
ठउँमा,7,1,['ठउ'],PROP,True,True,,
गणेशथानमा,7,1,['शथ'],PROP,True,True,,
लाग्दइन,7,1,['दइ'],PROP,True,True,,
दर्पणछाँया,7,1,['णछ'],PROP,True,True,,
यज्ञयागादि,7,1,['ञय'],PROP,True,True,,
नगरूञ्जेल,7,1,['ूञ'],PROP,True,True,,
जेठअघि,7,1,['ठअ'],PROP,True,True,,
छौु,7,1,['ौु'],PROP,True,True,,
ठंड,7,1,['ठं'],PROP,True,True,,
यज्ञभूमि,7,1,['ञभ'],PROP,True,True,,
निगजढ,7,1,['जढ'],PROP,True,True,,
मुक्तिनाथधाम,7,1,['थध'],PROP,True,True,,
ह्याङ्गओभर,7,1,['गओ'],PROP,True,True,,
सिंहझैं,7,1,['हझ'],PROP,True,True,,
बताउुभयो,7,1,['उु'],PROP,True,True,,
अलऐनको,7,1,['लऐ'],PROP,True,True,,
ऎना,7,1,['ऎन'],PROP,True,True,,
बडउड,7,1,['डउ'],PROP,True,True,,
ऋशव,7,1,['ऋश'],PROP,True,True,,
आषढ,7,1,['षढ'],PROP,True,True,,
षढयन्त्र,7,1,['षढ'],PROP,True,True,,
औटा,7,1,['औट'],PROP,True,True,,
ओधिम्बोले,7,1,['ओध'],PROP,True,True,,
पितृऋण,7,1,['ृऋ'],PROP,True,True,,
वर्षाऋतु,7,1,['ाऋ'],PROP,True,True,,
गर्योो,7,1,['ोो'],PROP,True,True,,
काठफोर,7,1,['ठफ'],PROP,True,True,,
साऊथ,7,1,['ऊथ'],PROP,True,True,,
ऋक्सेन,7,1,['ऋक'],PROP,True,True,,
फाऊण्डेशनको,7,1,['ऊण'],PROP,True,True,,
पर्योो,7,1,['ोो'],PROP,True,True,,
ॐको,7,1,['ॐक'],PROP,True,True,,
मडई,7,1,['डई'],PROP,True,True,,
स्रोतःइमेज,7,1,['ःइ'],PROP,True,True,,
आिर्थक,7,1,['आि'],PROP,True,True,,
ऐण्ड,7,1,['ऐण'],PROP,True,True,,
बढउने,7,1,['ढउ'],PROP,True,True,,
विशेषङ्कबाट,7,1,['षङ'],PROP,True,True,,
पैञ्यू,7,1,['ैञ'],PROP,True,True,,
क्ीऋ,7,1,['ीऋ'],PROP,True,True,,
ऑक्सिजन,7,1,['ऑक'],PROP,True,True,,
ऋमा,7,1,['ऋम'],PROP,True,True,,
झऱ्यो,7,1,['झऱ'],PROP,True,True,,
गनॅ,7,1,['नॅ'],PROP,True,True,,
पॉंचवटा,6,2,"['पॉ', 'ॉं']",PROP,True,True,,
केन्ऽले,6,2,"['ऽल', '्ऽ']",PROP,True,True,,
स्पॉट,6,2,"['पॉ', 'ॉट']",PROP,True,True,,
पॉचौ,6,2,"['पॉ', 'ॉच']",PROP,True,True,,
नेृत्वमा,6,1,['ेृ'],PROP,True,True,,
रामं्रो,6,1,['ं्'],PROP,True,True,,
भनेु,6,1,['ेु'],PROP,True,True,,
तथ्याङअनुसार,6,1,['ङअ'],PROP,True,True,,
स्टेरॉयड,6,2,"['रॉ', 'ॉय']",PROP,True,True,,
बीऊविजन,6,2,"['ऊव', 'ीऊ']",PROP,True,True,,
ऊंचाईमा,6,1,['ऊं'],PROP,True,True,,
कुशेऔंसी,6,1,['ेऔ'],PROP,True,True,,
छ्ट्टिै,6,1,['िै'],PROP,True,True,,
देऔं,6,1,['ेऔ'],PROP,True,True,,
ठोक्ंिकदा,6,1,['ंि'],PROP,True,True,,
स्टैंडआउट,6,1,['डआ'],PROP,True,True,,
खखनाका,6,1,['खख'],PROP,True,True,,
दःतुर,6,1,['ःत'],PROP,True,True,,
रहछ,6,1,['हछ'],PROP,True,True,,
रुपइडिहा,6,1,['पइ'],PROP,True,True,,
ठॉउमा,6,2,"['ठॉ', 'ॉउ']",PROP,True,True,,
पदार्थः,6,1,['थः'],PROP,True,True,,
निष्कर्षउन्मुख,6,1,['षउ'],PROP,True,True,,
रेष्टुरेँष्ट,6,1,['ँष'],PROP,True,True,,
सङठित,6,1,['ङठ'],PROP,True,True,,
लेखफर्सा,6,1,['खफ'],PROP,True,True,,
कृबाट,6,1,['ृब'],PROP,True,True,,
देशघात,6,1,['शघ'],PROP,True,True,,
झथ्र्यो,6,1,['झथ'],PROP,True,True,,
झजर,6,1,['झज'],PROP,True,True,,
संास्कृतिक,6,1,['ंा'],PROP,True,True,,
झजपुरबाट,6,1,['झज'],PROP,True,True,,
बृद्धआश्रममा,6,1,['धआ'],PROP,True,True,,
छठअन्तर्गत,6,1,['ठअ'],PROP,True,True,,
उऩको,6,2,"['उऩ', 'ऩक']",PROP,True,True,,
द्धछ,6,1,['धछ'],PROP,True,True,,
उ्दघाटन,6,1,['उ्'],PROP,True,True,,
ठंगले,6,1,['ठं'],PROP,True,True,,
ऐभाँती,6,1,['ऐभ'],PROP,True,True,,
रिजऊड,6,2,"['ऊड', 'जऊ']",PROP,True,True,,
सहझै,6,1,['हझ'],PROP,True,True,,
ठँला,6,1,['ठँ'],PROP,True,True,,
एुटा,6,1,['एु'],PROP,True,True,,
दीर्घशंका,6,1,['घश'],PROP,True,True,,
भछन्,6,1,['भछ'],PROP,True,True,,
गरिऐको,6,1,['िऐ'],PROP,True,True,,
सञचालनमा,6,1,['ञच'],PROP,True,True,,
सञचार,6,1,['ञच'],PROP,True,True,,
ऋर्तु,6,1,['ऋर'],PROP,True,True,,
हुो,6,1,['ुो'],PROP,True,True,,
बताउूछन्,6,1,['उू'],PROP,True,True,,
मातृऋण,6,1,['ृऋ'],PROP,True,True,,
औगादोगुमा,6,1,['औग'],PROP,True,True,,
ॠग्वेदीय,6,1,['ॠग'],PROP,True,True,,
भठी,6,1,['भठ'],PROP,True,True,,
ॠतुमा,6,1,['ॠत'],PROP,True,True,,
ऊधम,6,1,['ऊध'],PROP,True,True,,
बाँढफाँड,6,1,['ढफ'],PROP,True,True,,
इढहो,6,1,['इढ'],PROP,True,True,,
स्वःघोषणा,6,1,['ःघ'],PROP,True,True,,
औहरी,6,1,['औह'],PROP,True,True,,
तटष्थ,6,1,['टष'],PROP,True,True,,
देऊः,6,1,['ऊः'],PROP,True,True,,
मापढण्ड,6,1,['ढण'],PROP,True,True,,
यज्ञध्वज,6,1,['ञध'],PROP,True,True,,
आठआना,6,1,['ठआ'],PROP,True,True,,
ऍफ़,6,1,['ऍफ'],PROP,True,True,,
युइएफ़ए,6,1,['़ए'],PROP,True,True,,
प्राग्ऐतिहासिक,6,1,['्ऐ'],PROP,True,True,,
निर्णइ,6,1,['णइ'],PROP,True,True,,
देवऋण,6,1,['वऋ'],PROP,True,True,,
सॉंस्कृतिक,5,2,"['सॉ', 'ॉं']",PROP,True,True,,
ईङंकसँग,5,2,"['ईङ', 'ङं']",PROP,True,True,,
घॉंस,5,2,"['घॉ', 'ॉं']",PROP,True,True,,
यज्ञोपवितधारण,5,2,"['ञो', 'तध']",PROP,True,True,,
छुटृाछुटृै,5,3,"['टृ', 'ृा', 'ृै']",PROP,True,True,,
प्रषटाईएको,5,1,['षट'],PROP,True,True,,
ह्याङ्आउट,5,1,['्आ'],PROP,True,True,,
कागं्रेस,5,1,['ं्'],PROP,True,True,,
गाउॅपालिकामा,5,2,"['उॅ', 'ॅप']",PROP,True,True,,
सुटिङअघि,5,1,['ङअ'],PROP,True,True,,
ठुूलो,5,1,['ुू'],PROP,True,True,,
हुूदैन,5,1,['ुू'],PROP,True,True,,
सॉफ्टवेर,5,2,"['सॉ', 'ॉफ']",PROP,True,True,,
सॉफेबगर,5,2,"['सॉ', 'ॉफ']",PROP,True,True,,
पञ्चधुरा,5,1,['चध'],PROP,True,True,,
चम्काऊछन,5,1,['ऊछ'],PROP,True,True,,
लुंइटेलकाअनुसार,5,1,['ंइ'],PROP,True,True,,
लुंइटेलले,5,1,['ंइ'],PROP,True,True,,
दिंइदै,5,1,['ंइ'],PROP,True,True,,
नाराणण,5,1,['णण'],PROP,True,True,,
सष्टेनेवल,5,1,['सष'],PROP,True,True,,
लैंिगक,5,1,['ंि'],PROP,True,True,,
बौफिन,5,1,['ौफ'],PROP,True,True,,
एजआईजी,5,1,['जआ'],PROP,True,True,,
प्रगङ्झत,5,1,['झत'],PROP,True,True,,
अर्घौअर्चलेमा,5,1,['ौअ'],PROP,True,True,,
गॉउमा,5,2,"['गॉ', 'ॉउ']",PROP,True,True,,
पइन्ट,5,1,['पइ'],PROP,True,True,,
जइर,5,1,['जइ'],PROP,True,True,,
चौअनियाँ,5,1,['ौअ'],PROP,True,True,,
कौछे,5,1,['ौछ'],PROP,True,True,,
चॉडो,5,2,"['चॉ', 'ॉड']",PROP,True,True,,
टॉयलेट,5,2,"['टॉ', 'ॉय']",PROP,True,True,,
युएफईएमईएस,5,1,['फई'],PROP,True,True,,
छउँञ्जेल,5,2,"['ँञ', 'छउ']",PROP,True,True,,
कारणं,5,1,['णं'],PROP,True,True,,
औँषधि,5,1,['ँष'],PROP,True,True,,
भैईसकेको,5,1,['ैई'],PROP,True,True,,
एचई,5,1,['चई'],PROP,True,True,,
अईपिओ,5,1,['अई'],PROP,True,True,,
रणउजिरेश्वरी,5,1,['णउ'],PROP,True,True,,
हठधर्मी,5,1,['ठध'],PROP,True,True,,
प्रकाशघर,5,1,['शघ'],PROP,True,True,,
टठिलो,5,1,['टठ'],PROP,True,True,,
प्रहरुी,5,1,['ुी'],PROP,True,True,,
ह्याङओभरमा,5,1,['ङओ'],PROP,True,True,,
ऐठाका,5,1,['ऐठ'],PROP,True,True,,
थइन्,5,1,['थइ'],PROP,True,True,,
चिढचिढापन,5,1,['ढच'],PROP,True,True,,
व्यवःथापन,5,1,['ःथ'],PROP,True,True,,
माझथर,5,1,['झथ'],PROP,True,True,,
बोझजस्तो,5,1,['झज'],PROP,True,True,,
ढुंगैढुंगा,5,1,['ैढ'],PROP,True,True,,
दक्षिणढोकासम्म,5,1,['णढ'],PROP,True,True,,
द्दढ,5,1,['दढ'],PROP,True,True,,
शहीदढोका,5,1,['दढ'],PROP,True,True,,
बताइृएको,5,1,['ृए'],PROP,True,True,,
झाटझुट,5,1,['टझ'],PROP,True,True,,
जठाभाबी,5,1,['जठ'],PROP,True,True,,
निर्वाधढंगबाट,5,1,['धढ'],PROP,True,True,,
द्धढ,5,1,['धढ'],PROP,True,True,,
भएकॊ,5,1,['कॊ'],PROP,True,True,,
अफशोस,5,1,['फश'],PROP,True,True,,
घढ्ने,5,1,['घढ'],PROP,True,True,,
सुबः,5,1,['बः'],PROP,True,True,,
कोदई,5,1,['दई'],PROP,True,True,,
खाणँ,5,1,['णँ'],PROP,True,True,,
अनऔपचारिक,5,1,['नऔ'],PROP,True,True,,
उुद्घाटन,5,1,['उु'],PROP,True,True,,
अफठ्रोमा,5,1,['फठ'],PROP,True,True,,
आइडियोलॉजी,5,1,['ॉज'],PROP,True,True,,
हौइनौँ,5,1,['ौइ'],PROP,True,True,,
द्दट,5,1,['दट'],PROP,True,True,,
चारैओटा,5,1,['ैओ'],PROP,True,True,,
तीनैओटा,5,1,['ैओ'],PROP,True,True,,
छौ्र,5,1,['ौ्'],PROP,True,True,,
छऊञ्जेल,5,2,"['ऊञ', 'छऊ']",PROP,True,True,,
षढ्यन्त्र,5,1,['षढ'],PROP,True,True,,
विज्ञटोलीले,5,1,['ञट'],PROP,True,True,,
आईओणिओस,5,1,['ओण'],PROP,True,True,,
प्रमुखआयुक्त,5,1,['खआ'],PROP,True,True,,
अध्यक्षँतामा,5,1,['षँ'],PROP,True,True,,
गृष्मऋतु,5,1,['मऋ'],PROP,True,True,,
वर्षाऋतुमा,5,1,['ाऋ'],PROP,True,True,,
हर्ठफोर्डशायरस्थित,5,1,['ठफ'],PROP,True,True,,
होू,5,1,['ोू'],PROP,True,True,,
ॠतुको,5,1,['ॠत'],PROP,True,True,,
पठएको,5,1,['ठए'],PROP,True,True,,
भएठाउँमा,5,1,['एठ'],PROP,True,True,,
महासंघआवद्ध,5,1,['घआ'],PROP,True,True,,
ऑखादान,5,1,['ऑख'],PROP,True,True,,
उठथ्यो,5,1,['ठथ'],PROP,True,True,,
छइन्जेल,5,1,['छइ'],PROP,True,True,,
पकडौआ,5,1,['ौआ'],PROP,True,True,,
ऋहिले,5,1,['ऋह'],PROP,True,True,,
शरदऋतु,5,1,['दऋ'],PROP,True,True,,
बुद्धफिल्ड,5,1,['धफ'],PROP,True,True,,
स्वतःफूर्त,5,1,['ःफ'],PROP,True,True,,
हओस्,5,1,['हओ'],PROP,True,True,,
क्रौञ्च,5,1,['ौञ'],PROP,True,True,,
लैिङ्गक,5,1,['ैि'],PROP,True,True,,
प्रौढशिक्षा,5,1,['ढश'],PROP,True,True,,
ॠङ्खलाको,5,1,['ॠङ'],PROP,True,True,,
तोड़फोड़,5,1,['़फ'],PROP,True,True,,
साँझचाहिँ,5,1,['झच'],PROP,True,True,,
जलऊर्जा,5,1,['लऊ'],PROP,True,True,,
ऎसेलुको,5,1,['ऎस'],PROP,True,True,,
श्रमऐन,5,1,['मऐ'],PROP,True,True,,
ऩमाटन,5,1,['ऩम'],PROP,True,True,,
ििै,4,2,"['िि', 'िै']",PROP,True,True,,
ऋभिि,4,2,"['ऋभ', 'िि']",PROP,True,True,,
ईङघङ,4,2,"['ईङ', 'घङ']",PROP,True,True,,
केन्ऽबाट,4,2,"['ऽब', '्ऽ']",PROP,True,True,,
नसंफाःगु,4,2,"['ंफ', 'ःग']",PROP,True,True,,
सऊल,4,2,"['ऊल', 'सऊ']",PROP,True,True,,
शफथ,4,2,"['फथ', 'शफ']",PROP,True,True,,
गरिैएको,4,2,"['िै', 'ैए']",PROP,True,True,,
म्भखभयिऊभलत,4,2,"['ऊभ', 'भख']",PROP,True,True,,
सेफभित्र,4,1,['फभ'],PROP,True,True,,
क्ष्ऋऋ,4,2,"['ऋऋ', '्ऋ']",PROP,True,True,,
अ्म्मर,4,1,['अ्'],PROP,True,True,,
हुॅदैन,4,2,"['ुॅ', 'ॅद']",PROP,True,True,,
छेऊछाऊमा,4,1,['ऊछ'],PROP,True,True,,
अ्माहा,4,1,['अ्'],PROP,True,True,,
सॉझमा,4,2,"['सॉ', 'ॉझ']",PROP,True,True,,
कागझैं,4,1,['गझ'],PROP,True,True,,
चौफा,4,1,['ौफ'],PROP,True,True,,
बैंिकङ्ग,4,1,['ंि'],PROP,True,True,,
मॉनसून,4,2,"['मॉ', 'ॉन']",PROP,True,True,,
चिठठा,4,1,['ठठ'],PROP,True,True,,
एभचष्यम,4,1,['चष'],PROP,True,True,,
समःया,4,1,['ःय'],PROP,True,True,,
अईरहेको,4,1,['अई'],PROP,True,True,,
असहिँष्णु,4,1,['ँष'],PROP,True,True,,
ठॉउ,4,2,"['ठॉ', 'ॉउ']",PROP,True,True,,
आरएचईएल,4,1,['चई'],PROP,True,True,,
अष्ठधातु,4,1,['ठध'],PROP,True,True,,
हठधर्म,4,1,['ठध'],PROP,True,True,,
द्धण्,4,1,['धण'],PROP,True,True,,
गुड़गाँव,4,1,['़ग'],PROP,True,True,,
ऊषर,4,1,['ऊष'],PROP,True,True,,
दूारा,4,1,['ूा'],PROP,True,True,,
चिढचिढाहट,4,1,['ढच'],PROP,True,True,,
पढ्दैएक्सचेन्ज,4,1,['ैए'],PROP,True,True,,
बिजलुी,4,1,['ुी'],PROP,True,True,,
लगआउन,4,1,['गआ'],PROP,True,True,,
पुनःआह्वान,4,1,['ःआ'],PROP,True,True,,
बुझथे,4,1,['झथ'],PROP,True,True,,
खाअअ,4,1,['अअ'],PROP,True,True,,
कंाग्रेस,4,1,['ंा'],PROP,True,True,,
न्यूओर्क,4,1,['ूओ'],PROP,True,True,,
अअन्तर्गत,4,1,['अअ'],PROP,True,True,,
ऐम्बुलेन्स,4,1,['ऐम'],PROP,True,True,,
विदशेी,4,1,['ेी'],PROP,True,True,,
ढुङ्गैढुङ्गाले,4,1,['ैढ'],PROP,True,True,,
गर्नूृ,4,1,['ूृ'],PROP,True,True,,
यज्ञयागादिमा,4,1,['ञय'],PROP,True,True,,
वृद्धआश्रममा,4,1,['धआ'],PROP,True,True,,
लेटाङआसपासको,4,1,['ङआ'],PROP,True,True,,
वृद्धआश्रम,4,1,['धआ'],PROP,True,True,,
हिसंा,4,1,['ंा'],PROP,True,True,,
इटूओ,4,1,['ूओ'],PROP,True,True,,
विज्ञभन्दा,4,1,['ञभ'],PROP,True,True,,
पूञ्जिका,4,1,['ूञ'],PROP,True,True,,
स्थानीयवासीलाईे,4,1,['ईे'],PROP,True,True,,
श्रंृखला,4,1,['ंृ'],PROP,True,True,,
शंृखला,4,1,['ंृ'],PROP,True,True,,
कृएटिभ,4,1,['ृए'],PROP,True,True,,
उठछ्,4,1,['ठछ'],PROP,True,True,,
ऐशआराम,4,1,['शआ'],PROP,True,True,,
उऩले,4,2,"['उऩ', 'ऩल']",PROP,True,True,,
हिमशंृखला,4,1,['ंृ'],PROP,True,True,,
थियौुं,4,1,['ौु'],PROP,True,True,,
ऐशआरामको,4,1,['शआ'],PROP,True,True,,
उठछन,4,1,['ठछ'],PROP,True,True,,
बाँधछाँद,4,1,['धछ'],PROP,True,True,,
बर्न्टओकमा,4,1,['टओ'],PROP,True,True,,
कृएसनका,4,1,['ृए'],PROP,True,True,,
गुँइठेभीर,4,1,['इठ'],PROP,True,True,,
तलबः,4,1,['बः'],PROP,True,True,,
हिँड़ौं,4,1,['़ौ'],PROP,True,True,,
सप्ताहघाट,4,1,['हघ'],PROP,True,True,,
दःुखद,4,1,['ःु'],PROP,True,True,,
बजारभाउअनुसार,4,1,['उअ'],PROP,True,True,,
अर्बः,4,1,['बः'],PROP,True,True,,
ढ्याङढ्याङ,4,1,['ङढ'],PROP,True,True,,
सिमाहघाट,4,1,['हघ'],PROP,True,True,,
शुभफलमा,4,1,['भफ'],PROP,True,True,,
ऋिषिदेव,4,1,['ऋि'],PROP,True,True,,
टंुगो,4,1,['ंु'],PROP,True,True,,
चोरऔँलो,4,1,['रऔ'],PROP,True,True,,
खाणँका,4,1,['णँ'],PROP,True,True,,
बर्षछि,4,1,['षछ'],PROP,True,True,,
बारिहएको,4,1,['हए'],PROP,True,True,,
पितृउध्दार,4,1,['ृउ'],PROP,True,True,,
ऊखुबारीमा,4,1,['ऊख'],PROP,True,True,,
रहएका,4,1,['हए'],PROP,True,True,,
डउमा,4,1,['डउ'],PROP,True,True,,
जनाएो,4,1,['एो'],PROP,True,True,,
पहाडझैं,4,1,['डझ'],PROP,True,True,,
आफ्ऩो,4,2,"['ऩो', '्ऩ']",PROP,True,True,,
पाढइले,4,1,['ढइ'],PROP,True,True,,
अझधेरै,4,1,['झध'],PROP,True,True,,
आठखुट्टे,4,1,['ठख'],PROP,True,True,,
सहयॊग,4,2,"['यॊ', 'ॊग']",PROP,True,True,,
ऋर्षिराम,4,1,['ऋर'],PROP,True,True,,
छछल्किएको,4,1,['छछ'],PROP,True,True,,
गर्छछन्,4,1,['छछ'],PROP,True,True,,
दृघकालिन,4,1,['ृघ'],PROP,True,True,,
ऑंसुले,4,1,['ऑं'],PROP,True,True,,
समझशक्तिमा,4,1,['झश'],PROP,True,True,,
समझशक्तिले,4,1,['झश'],PROP,True,True,,
ऑसु,4,1,['ऑस'],PROP,True,True,,
दिऐ,4,1,['िऐ'],PROP,True,True,,
तपाई्रले,4,1,['ई्'],PROP,True,True,,
क्षठ,4,1,['षठ'],PROP,True,True,,
जुड़वा,4,1,['़व'],PROP,True,True,,
पुनःध्यानाकर्षण,4,1,['ःध'],PROP,True,True,,
सोध्ऩ,4,1,['्ऩ'],PROP,True,True,,
दॆखि,4,2,"['दॆ', 'ॆख']",PROP,True,True,,
सिजृना,4,1,['जृ'],PROP,True,True,,
आईओण,4,1,['ओण'],PROP,True,True,,
थियॊ,4,1,['यॊ'],PROP,True,True,,
प्रमुखआतिथ्यमा,4,1,['खआ'],PROP,True,True,,
ऋंगार,4,1,['ऋं'],PROP,True,True,,
औाषधि,4,1,['औा'],PROP,True,True,,
जोङउन,4,1,['ङउ'],PROP,True,True,,
भथौल,4,1,['भथ'],PROP,True,True,,
पँूजी,4,1,['ँू'],PROP,True,True,,
ऐहिक,4,1,['ऐह'],PROP,True,True,,
ऋंखलाबद्ध,4,1,['ऋं'],PROP,True,True,,
बहसःः,4,1,['ःः'],PROP,True,True,,
मसऊद,4,1,['सऊ'],PROP,True,True,,
छएक,4,1,['छए'],PROP,True,True,,
गुईझाउमा,4,1,['ईझ'],PROP,True,True,,
गुईझाउको,4,1,['ईझ'],PROP,True,True,,
औाल्याए,4,1,['औा'],PROP,True,True,,
श्रीशठकाेप,4,1,['शठ'],PROP,True,True,,
ऋजु,4,1,['ऋज'],PROP,True,True,,
ऋजीष,4,1,['ऋज'],PROP,True,True,,
ग्रीष्मऋतु,4,1,['मऋ'],PROP,True,True,,
व्हाट्सऐपमा,4,1,['सऐ'],PROP,True,True,,
ऋऋत्ख्,4,1,['ऋऋ'],PROP,True,True,,
ॠतु,4,1,['ॠत'],PROP,True,True,,
जओस्,4,1,['जओ'],PROP,True,True,,
छइन,4,1,['छइ'],PROP,True,True,,
कुऑन,4,2,"['ऑन', 'ुऑ']",PROP,True,True,,
प्रकाशइत,4,1,['शइ'],PROP,True,True,,
नौओटै,4,1,['ौओ'],PROP,True,True,,
हौऔं,4,1,['ौऔ'],PROP,True,True,,
नामऔपचारिक,4,1,['मऔ'],PROP,True,True,,
भऽगोल,4,2,"['भऽ', 'ऽग']",PROP,True,True,,
देओघार,4,1,['ओघ'],PROP,True,True,,
आठथर,4,1,['ठथ'],PROP,True,True,,
दाशढुंगामा,4,1,['शढ'],PROP,True,True,,
फाऊण्डेशन,4,1,['ऊण'],PROP,True,True,,
चौआयामिक,4,1,['ौआ'],PROP,True,True,,
छुट्टयिौँ,4,1,['िौ'],PROP,True,True,,
ओैषधी,4,1,['ओै'],PROP,True,True,,
याओअनडे,4,1,['ओअ'],PROP,True,True,,
बिटक्व़ाईन,4,1,['व़'],PROP,True,True,,
माईन्यृूट,4,1,['ृू'],PROP,True,True,,
क्षूद्र,4,1,['षू'],PROP,True,True,,
शरदऋतुको,4,1,['दऋ'],PROP,True,True,,
एधार,4,1,['एध'],PROP,True,True,,
दहृो,4,1,['ृो'],PROP,True,True,,
छओटै,4,1,['छओ'],PROP,True,True,,
गर्यौि,4,1,['ौि'],PROP,True,True,,
बओरको,4,1,['बओ'],PROP,True,True,,
ढण्,4,1,['ढण'],PROP,True,True,,
तर्फध्यान,4,1,['फध'],PROP,True,True,,
ऋनि,4,1,['ऋन'],PROP,True,True,,
कहॉबाट,4,1,['ॉब'],PROP,True,True,,
दॄश्य,4,2,"['दॄ', 'ॄश']",PROP,True,True,,
बुझई,4,1,['झई'],PROP,True,True,,
भन्नेतर्फध्यान,4,1,['फध'],PROP,True,True,,
लैिगंक,4,1,['ैि'],PROP,True,True,,
नेऩार,4,2,"['ऩा', 'ेऩ']",PROP,True,True,,
कर्णफूल,4,1,['णफ'],PROP,True,True,,
डृिम,4,1,['डृ'],PROP,True,True,,
औभर,4,1,['औभ'],PROP,True,True,,
छऱ्यो,4,1,['छऱ'],PROP,True,True,,
कथञ्चित्,4,1,['थञ'],PROP,True,True,,
चॉंड़ै,3,3,"['चॉ', '़ै', 'ॉं']",PROP,True,True,,
गरििदएका,3,2,"['दए', 'िि']",PROP,True,True,,
जॉंदै,3,2,"['जॉ', 'ॉं']",PROP,True,True,,
चॉंडो,3,2,"['चॉ', 'ॉं']",PROP,True,True,,
खॉंटी,3,2,"['खॉ', 'ॉं']",PROP,True,True,,
छॉंट,3,2,"['छॉ', 'ॉं']",PROP,True,True,,
गौङडङ,3,2,"['डङ', 'ौङ']",PROP,True,True,,
घोढचढी,3,2,"['ढच', 'ोढ']",PROP,True,True,,
रबीऊल,3,2,"['ऊल', 'ीऊ']",PROP,True,True,,
मन्थल्ऽी,3,2,"['ऽी', '्ऽ']",PROP,True,True,,
अइठन,3,2,"['अइ', 'इठ']",PROP,True,True,,
कार्याल्ऽय,3,2,"['ऽय', '्ऽ']",PROP,True,True,,
छिटृै,3,2,"['टृ', 'ृै']",PROP,True,True,,
करढढा,3,2,"['ढढ', 'रढ']",PROP,True,True,,
आअेको,3,2,"['अे', 'आअ']",PROP,True,True,,
आअेँ,3,2,"['अे', 'आअ']",PROP,True,True,,
तीमधइे,3,2,"['इे', 'धइ']",PROP,True,True,,
पॉचौं,3,2,"['पॉ', 'ॉच']",PROP,True,True,,
औशधि,3,2,"['औश', 'शध']",PROP,True,True,,
हराउॅदै,3,2,"['उॅ', 'ॅद']",PROP,True,True,,
पॉइंट,3,2,"['पॉ', 'ॉइ']",PROP,True,True,,
अपॉइंटमेंटको,3,2,"['पॉ', 'ॉइ']",PROP,True,True,,
धनाढइ्को,3,2,"['इ्', 'ढइ']",PROP,True,True,,
धौःधौ,3,2,"['ःध', 'ौः']",PROP,True,True,,
पाठइ्क्रमको,3,2,"['इ्', 'ठइ']",PROP,True,True,,
ठाउॅमा,3,2,"['उॅ', 'ॅम']",PROP,True,True,,
बाॅकि,3,2,"['ाॅ', 'ॅक']",PROP,True,True,,
ऐतिहाॅसिक,3,2,"['ाॅ', 'ॅस']",PROP,True,True,,
डाॅडा,3,2,"['ाॅ', 'ॅड']",PROP,True,True,,
पाउॅछ,3,2,"['उॅ', 'ॅछ']",PROP,True,True,,
बताउॅछन,3,2,"['उॅ', 'ॅछ']",PROP,True,True,,
साॅघुरो,3,2,"['ाॅ', 'ॅघ']",PROP,True,True,,
पाॅच,3,2,"['ाॅ', 'ॅच']",PROP,True,True,,
साॅझ,3,2,"['ाॅ', 'ॅझ']",PROP,True,True,,
नहुॅदा,3,2,"['ुॅ', 'ॅद']",PROP,True,True,,
अ्मर,3,1,['अ्'],PROP,True,True,,
ग्ल्भ्क्ऋइ,3,2,"['ऋइ', '्ऋ']",PROP,True,True,,
ःऋएः,3,3,"['ःऋ', 'ऋए', 'एः']",PROP,True,True,,
ठङठङ,3,2,"['ङठ', 'ठङ']",PROP,True,True,,
मृगझैं,3,1,['गझ'],PROP,True,True,,
आऽऽ,3,2,"['आऽ', 'ऽऽ']",PROP,True,True,,
य़ूटुबमा,3,2,"['य़', '़ू']",PROP,True,True,,
य़ूटूब,3,2,"['य़', '़ू']",PROP,True,True,,
गदैृछ,3,2,"['ृछ', 'ैृ']",PROP,True,True,,
गॉउपालिकाको,3,2,"['गॉ', 'ॉउ']",PROP,True,True,,
मॉडल,3,2,"['मॉ', 'ॉड']",PROP,True,True,,
फ्रीु,3,1,['ीु'],PROP,True,True,,
चॉहि,3,2,"['चॉ', 'ॉह']",PROP,True,True,,
पहुॅचमा,3,2,"['ुॅ', 'ॅच']",PROP,True,True,,
ऊषा,3,1,['ऊष'],PROP,True,True,,
अपाङंगता,3,1,['ङं'],PROP,True,True,,
प्रदषणको,3,1,['दष'],PROP,True,True,,
पाठउँदै,3,1,['ठउ'],PROP,True,True,,
वर्गआधार,3,1,['गआ'],PROP,True,True,,
जेटईले,3,1,['टई'],PROP,True,True,,
आथिॅक,3,2,"['िॅ', 'ॅक']",PROP,True,True,,
बृद्धृबृद्धा,3,1,['ृब'],PROP,True,True,,
जरुरुी,3,1,['ुी'],PROP,True,True,,
पुनःआगमन,3,1,['ःआ'],PROP,True,True,,
रहेी,3,1,['ेी'],PROP,True,True,,
प्लाईउडका,3,1,['ईउ'],PROP,True,True,,
दइन्द्र,3,1,['दइ'],PROP,True,True,,
सम्पूृर्ण,3,1,['ूृ'],PROP,True,True,,
डूओ,3,1,['ूओ'],PROP,True,True,,
बर्वरतापूृक,3,1,['ूृ'],PROP,True,True,,
अअवसरलाई,3,1,['अअ'],PROP,True,True,,
कहेी,3,1,['ेी'],PROP,True,True,,
ऐभान,3,1,['ऐभ'],PROP,True,True,,
दिईेएको,3,1,['ईे'],PROP,True,True,,
केन्द्रंीय,3,1,['ंी'],PROP,True,True,,
प्रतिबद्धछौं,3,1,['धछ'],PROP,True,True,,
उलङ्गघन,3,1,['गघ'],PROP,True,True,,
जठर,3,1,['जठ'],PROP,True,True,,
पोर्टओ,3,1,['टओ'],PROP,True,True,,
जुद्धउच्च,3,1,['धउ'],PROP,True,True,,
संस्थालाईे,3,1,['ईे'],PROP,True,True,,
सहजढंगमा,3,1,['जढ'],PROP,True,True,,
बृछि,3,1,['ृछ'],PROP,True,True,,
सुरक्षफौजले,3,1,['षफ'],PROP,True,True,,
कॉहा,3,1,['ॉह'],PROP,True,True,,
पक्राउअघि,3,1,['उअ'],PROP,True,True,,
हघि,3,1,['हघ'],PROP,True,True,,
कॅडेल,3,2,"['कॅ', 'ॅड']",PROP,True,True,,
बतइएको,3,1,['तइ'],PROP,True,True,,
घढीमा,3,1,['घढ'],PROP,True,True,,
ढङढङे,3,1,['ङढ'],PROP,True,True,,
आतइबार,3,1,['तइ'],PROP,True,True,,
डिस्पोजएवल,3,1,['जए'],PROP,True,True,,
आरटिजएस,3,1,['जए'],PROP,True,True,,
रहेकॊ,3,1,['कॊ'],PROP,True,True,,
ऋितुराज,3,1,['ऋि'],PROP,True,True,,
ठाडठाडो,3,1,['डठ'],PROP,True,True,,
डिजएस्टर,3,1,['जए'],PROP,True,True,,
गॅस,3,2,"['गॅ', 'ॅस']",PROP,True,True,,
मैलॆ,3,1,['लॆ'],PROP,True,True,,
अःसहाय,3,1,['अः'],PROP,True,True,,
चुःचुः,3,1,['ःच'],PROP,True,True,,
ङ्याङङ्याङ,3,1,['ङङ'],PROP,True,True,,
गोठखोलाका,3,1,['ठख'],PROP,True,True,,
ढंुगाना,3,1,['ंु'],PROP,True,True,,
ऊखुको,3,1,['ऊख'],PROP,True,True,,
बायुऊर्जा,3,1,['ुऊ'],PROP,True,True,,
ह्ृदयघातका,3,1,['्ृ'],PROP,True,True,,
सिंहझैँ,3,1,['हझ'],PROP,True,True,,
माझघरे,3,1,['झघ'],PROP,True,True,,
पितृउद्धार,3,1,['ृउ'],PROP,True,True,,
अफठयारो,3,1,['फठ'],PROP,True,True,,
उत्ृकष्ट,3,1,['्ृ'],PROP,True,True,,
बन्डउली,3,1,['डउ'],PROP,True,True,,
साँञ्चै,3,1,['ँञ'],PROP,True,True,,
ऋब्ब्ष्,3,1,['ऋब'],PROP,True,True,,
ह्ृदय,3,1,['्ृ'],PROP,True,True,,
रहएको,3,1,['हए'],PROP,True,True,,
हाङ्गओभर,3,1,['गओ'],PROP,True,True,,
डुङइ,3,1,['ङइ'],PROP,True,True,,
चाडझैं,3,1,['डझ'],PROP,True,True,,
ढंुगानाको,3,1,['ंु'],PROP,True,True,,
आइीएनजिओ,3,1,['इी'],PROP,True,True,,
आइीसटी,3,1,['इी'],PROP,True,True,,
दृढइच्छा,3,1,['ढइ'],PROP,True,True,,
डेढघन्टा,3,1,['ढघ'],PROP,True,True,,
डॉम्फुसाँझ,3,1,['ॉम'],PROP,True,True,,
तथआ,3,1,['थआ'],PROP,True,True,,
अओइको,3,1,['अओ'],PROP,True,True,,
बढ़वा,3,1,['़व'],PROP,True,True,,
अक्षंराङ्कन,3,1,['षं'],PROP,True,True,,
घइले,3,1,['घइ'],PROP,True,True,,
औछ्यानमा,3,1,['औछ'],PROP,True,True,,
औटो,3,1,['औट'],PROP,True,True,,
बढढ्नेछ,3,1,['ढढ'],PROP,True,True,,
मौऽकि,3,2,"['ऽक', 'ौऽ']",PROP,True,True,,
उदटन,3,1,['दट'],PROP,True,True,,
पूर्वऊर्जासचिव,3,1,['वऊ'],PROP,True,True,,
कॉमेडी,3,1,['ॉम'],PROP,True,True,,
हलिऊड,3,1,['ऊड'],PROP,True,True,,
इङघङ,3,1,['घङ'],PROP,True,True,,
कॉमन,3,1,['ॉम'],PROP,True,True,,
ऋशीकेश,3,1,['ऋश'],PROP,True,True,,
हेनतई,3,1,['तई'],PROP,True,True,,
ऑंखा,3,1,['ऑं'],PROP,True,True,,
श्रेषठता,3,1,['षठ'],PROP,True,True,,
सरक्षंणमा,3,1,['षं'],PROP,True,True,,
पितृघर,3,1,['ृघ'],PROP,True,True,,
दुःध,3,1,['ःध'],PROP,True,True,,
ऐबाक,3,1,['ऐब'],PROP,True,True,,
देखउन,3,1,['खउ'],PROP,True,True,,
औछ्यान,3,1,['औछ'],PROP,True,True,,
पुनःछलफल,3,1,['ःछ'],PROP,True,True,,
मातृऔँसी,3,1,['ृऔ'],PROP,True,True,,
ऑस्टिन,3,1,['ऑस'],PROP,True,True,,
कागतढुङ्गी,3,1,['तढ'],PROP,True,True,,
विऽोह,3,2,"['ऽो', 'िऽ']",PROP,True,True,,
दाबीःः,3,1,['ःः'],PROP,True,True,,
उईगेमा,3,1,['उई'],PROP,True,True,,
लाभघ्राही,3,1,['भघ'],PROP,True,True,,
मेटूोमा,3,1,['ूो'],PROP,True,True,,
ढज्ञ,3,1,['ढज'],PROP,True,True,,
प्रमुखआधार,3,1,['खआ'],PROP,True,True,,
तथाऋण,3,1,['ाऋ'],PROP,True,True,,
ॠषिलाल,3,1,['ॠष'],PROP,True,True,,
विज्ञटोली,3,1,['ञट'],PROP,True,True,,
कुम्भकर्णझैं,3,1,['णझ'],PROP,True,True,,
छुंू,3,1,['ंू'],PROP,True,True,,
पंूजी,3,1,['ंू'],PROP,True,True,,
ओण्डरर्स,3,1,['ओण'],PROP,True,True,,
पृठ,3,1,['ृठ'],PROP,True,True,,
आजृन,3,1,['जृ'],PROP,True,True,,
मूढजस्तो,3,1,['ढज'],PROP,True,True,,
ऊठाउने,3,1,['ऊठ'],PROP,True,True,,
पछएको,3,1,['छए'],PROP,True,True,,
उनीहरुो,3,1,['ुो'],PROP,True,True,,
ॠषिका,3,1,['ॠष'],PROP,True,True,,
ओधियाम्बोले,3,1,['ओध'],PROP,True,True,,
औवा,3,1,['औव'],PROP,True,True,,
ऊठेको,3,1,['ऊठ'],PROP,True,True,,
संस्करणझैं,3,1,['णझ'],PROP,True,True,,
युथथिंक,3,1,['थथ'],PROP,True,True,,
लमाएखोला,3,1,['एख'],PROP,True,True,,
शुभघडी,3,1,['भघ'],PROP,True,True,,
लेखथ्यो,3,1,['खथ'],PROP,True,True,,
जयओम,3,1,['यओ'],PROP,True,True,,
ऋखीराज,3,1,['ऋख'],PROP,True,True,,
बुद्घधर्म,3,1,['घध'],PROP,True,True,,
सर्वोत्कृठ,3,1,['ृठ'],PROP,True,True,,
सिग्यिौन,3,1,['िौ'],PROP,True,True,,
एठन,3,1,['एठ'],PROP,True,True,,
ऋसब,3,1,['ऋस'],PROP,True,True,,
ऑखाले,3,1,['ऑख'],PROP,True,True,,
तठ्याकै,3,1,['तठ'],PROP,True,True,,
बाघझैं,3,1,['घझ'],PROP,True,True,,
वषृ,3,1,['षृ'],PROP,True,True,,
छग्रहवा,3,1,['छग'],PROP,True,True,,
ऊध्र्वगामी,3,1,['ऊध'],PROP,True,True,,
मांगॆको,3,2,"['गॆ', 'ॆक']",PROP,True,True,,
एीकृत,3,1,['एी'],PROP,True,True,,
रहनॆ,3,1,['नॆ'],PROP,True,True,,
पीडि़त,3,1,['ि़'],PROP,True,True,,
गरॆका,3,2,"['रॆ', 'ॆक']",PROP,True,True,,
छऩ्,3,2,"['छऩ', 'ऩ्']",PROP,True,True,,
उनलाईै,3,1,['ईै'],PROP,True,True,,
माआोवादी,3,1,['आो'],PROP,True,True,,
तपाईांके,3,1,['ईा'],PROP,True,True,,
ओैं,3,1,['ओै'],PROP,True,True,,
दाशढुंगा,3,1,['शढ'],PROP,True,True,,
छगू,3,1,['छग'],PROP,True,True,,
अऩि,3,2,"['अऩ', 'ऩि']",PROP,True,True,,
बिटक्व़ाईनको,3,1,['व़'],PROP,True,True,,
रूखझैं,3,1,['खझ'],PROP,True,True,,
बाघझोडा,3,1,['घझ'],PROP,True,True,,
अमॆरिकन,3,2,"['मॆ', 'ॆर']",PROP,True,True,,
नौऔं,3,1,['ौऔ'],PROP,True,True,,
वर्षथप,3,1,['षथ'],PROP,True,True,,
ॠग्वेद,3,1,['ॠग'],PROP,True,True,,
हेऱ्यौँ,3,1,['ेऱ'],PROP,True,True,,
द्दण्ज्ञड,3,1,['ञड'],PROP,True,True,,
छुट्टयिौं,3,1,['िौ'],PROP,True,True,,
आम़ा,3,1,['म़'],PROP,True,True,,
उत्पीडि़त,3,1,['ि़'],PROP,True,True,,
टढा,3,1,['टढ'],PROP,True,True,,
सेन्जझेन,3,1,['जझ'],PROP,True,True,,
माफृत,3,1,['फृ'],PROP,True,True,,
ह्वाट्सऐप,3,1,['सऐ'],PROP,True,True,,
दौढधुप,3,1,['ढध'],PROP,True,True,,
ओघट्ने,3,1,['ओघ'],PROP,True,True,,
तठस्त,3,1,['तठ'],PROP,True,True,,
शइमान,3,1,['शइ'],PROP,True,True,,
वषृको,3,1,['षृ'],PROP,True,True,,
आवाजझैँ,3,1,['जझ'],PROP,True,True,,
काठफोरुवा,3,1,['ठफ'],PROP,True,True,,
बमोजिम़,3,1,['म़'],PROP,True,True,,
पूर्णङ्क,3,1,['णङ'],PROP,True,True,,
पैञ्यु,3,1,['ैञ'],PROP,True,True,,
पहाड़भरि,3,1,['़भ'],PROP,True,True,,
ऑपरेटिंग,3,1,['ऑप'],PROP,True,True,,
दुःिखत,3,1,['ःि'],PROP,True,True,,
मरिचझैँ,3,1,['चझ'],PROP,True,True,,
घफिसले,3,1,['घफ'],PROP,True,True,,
वॆबसाइट,3,2,"['वॆ', 'ॆब']",PROP,True,True,,
भीड़भाड़,3,1,['़भ'],PROP,True,True,,
ऐथिकल,3,1,['ऐथ'],PROP,True,True,,
ठांऊ,3,1,['ंऊ'],PROP,True,True,,
अन्तऱराष्ट्रिय,3,2,"['तऱ', 'ऱर']",PROP,True,True,,
मेडईन,3,1,['डई'],PROP,True,True,,
लागऔषध,3,1,['गऔ'],PROP,True,True,,
राजऋषि,3,1,['जऋ'],PROP,True,True,,
होइऩ,3,1,['इऩ'],PROP,True,True,,
बढउन,3,1,['ढउ'],PROP,True,True,,
ऑप्टिकल,3,1,['ऑप'],PROP,True,True,,
डेढफिटसम्म,3,1,['ढफ'],PROP,True,True,,
एगृइकोनोमिकल,3,1,['ृइ'],PROP,True,True,,
पुनःओरालो,3,1,['ःओ'],PROP,True,True,,
ऒइता,3,1,['ऒइ'],PROP,True,True,,
गांऊ,3,1,['ंऊ'],PROP,True,True,,
सर्वज्ञधर,3,1,['ञध'],PROP,True,True,,
एधारौ,3,1,['एध'],PROP,True,True,,
शिक्षकःओई,3,1,['ःओ'],PROP,True,True,,
सोचेॅ,3,1,['ेॅ'],PROP,True,True,,
बोलाईो,3,1,['ईो'],PROP,True,True,,
चैॅ,3,1,['ैॅ'],PROP,True,True,,
फञ्शन,3,1,['फञ'],PROP,True,True,,
इद्यऋ,3,1,['यऋ'],PROP,True,True,,
क्रीऋ,3,1,['ीऋ'],PROP,True,True,,
प्रऻा,3,2,"['रऻ', 'ऻा']",PROP,True,True,,
दुधझैँ,3,1,['धझ'],PROP,True,True,,
सिङौरो,3,1,['ङौ'],PROP,True,True,,
पयठ,3,1,['यठ'],PROP,True,True,,
औघड,3,1,['औघ'],PROP,True,True,,
सिङौरी,3,1,['ङौ'],PROP,True,True,,
बै़क,3,1,['ै़'],PROP,True,True,,
रजिष्टडॅ,3,1,['डॅ'],PROP,True,True,,
सॅधै,3,1,['ॅध'],PROP,True,True,,
अड़चन,3,1,['़च'],PROP,True,True,,
अृमत,3,1,['अृ'],PROP,True,True,,
द्धठ,3,1,['धठ'],PROP,True,True,,
थाःङ्,3,1,['ःङ'],PROP,True,True,,
पुनःऔषधि,3,1,['ःऔ'],PROP,True,True,,
यज्ञगजाधर,3,1,['ञग'],PROP,True,True,,
गर्यौो,3,1,['ौो'],PROP,True,True,,
योङईन,3,1,['ङई'],PROP,True,True,,
बर्षैौँदेखि,3,1,['ैौ'],PROP,True,True,,
एशोसिशएशन,3,1,['शए'],PROP,True,True,,
द्दठ,3,1,['दठ'],PROP,True,True,,
औें,3,1,['औे'],PROP,True,True,,
माआृवादी,3,1,['आृ'],PROP,True,True,,
दैऊ,3,1,['ैऊ'],PROP,True,True,,
उैन,3,1,['उै'],PROP,True,True,,
ऐउटा,3,1,['ऐउ'],PROP,True,True,,
ज्ञानज्ञुनका,3,1,['ञु'],PROP,True,True,,
एौटै,3,1,['एौ'],PROP,True,True,,
ब्एऋ,3,1,['एऋ'],PROP,True,True,,
अऋणी,3,1,['अऋ'],PROP,True,True,,
एफइआईएमएस,2,2,"['इआ', 'फइ']",PROP,True,True,,
एर्फइआईएमएस,2,2,"['इआ', 'फइ']",PROP,True,True,,
भृ्ङ्गराज,2,2,"['ृ्', '्ङ']",PROP,True,True,,
डङोलले,2,2,"['ङो', 'डङ']",PROP,True,True,,
पॉंचवर्ष,2,2,"['पॉ', 'ॉं']",PROP,True,True,,
आर्म्स्ट्रॉंग,2,2,"['रॉ', 'ॉं']",PROP,True,True,,
नागरिकइतभभत्र,2,2,"['कइ', 'भभ']",PROP,True,True,,
मॉं,2,2,"['मॉ', 'ॉं']",PROP,True,True,,
गॉंसियो,2,2,"['गॉ', 'ॉं']",PROP,True,True,,
आखॉं,2,2,"['खॉ', 'ॉं']",PROP,True,True,,
खॉंचो,2,2,"['खॉ', 'ॉं']",PROP,True,True,,
टॉंसेका,2,2,"['टॉ', 'ॉं']",PROP,True,True,,
ठॉंउमा,2,2,"['ठॉ', 'ॉं']",PROP,True,True,,
खष्ििबनभ,2,2,"['खष', 'िि']",PROP,True,True,,
सम्बोृधन,2,2,"['ृध', 'ोृ']",PROP,True,True,,
दॉंत,2,2,"['दॉ', 'ॉं']",PROP,True,True,,
िभ्लनष्लभभचष्लन,2,2,"['चष', 'भभ']",PROP,True,True,,
िःगलष्अष्उबष्तिथ,2,2,"['ःग', 'बष']",PROP,True,True,,
ऋयचचभकउयलमभलत,2,3,"['उय', 'ऋय', 'कउ']",PROP,True,True,,
छुटृाछुटैृ,2,3,"['टृ', 'ृा', 'ैृ']",PROP,True,True,,
यूथफोरम,2,2,"['थफ', 'ूथ']",PROP,True,True,,
नोंगखघईमा,2,3,"['खघ', 'गख', 'घई']",PROP,True,True,,
बॉयफ्रेंड,2,2,"['यफ', 'ॉय']",PROP,True,True,,
करोढभन्दा,2,2,"['ढभ', 'ोढ']",PROP,True,True,,
च्भकउयलकभ,2,2,"['उय', 'कउ']",PROP,True,True,,
बीऊलाई,2,2,"['ऊल', 'ीऊ']",PROP,True,True,,
झयांई,2,2,"['ंई', 'झय']",PROP,True,True,,
अउङले,2,2,"['अउ', 'उङ']",PROP,True,True,,
ऋयउथ,2,2,"['ऋय', 'यउ']",PROP,True,True,,
जःतै,2,2,"['ःत', 'जः']",PROP,True,True,,
जिल्ऽ्ल्ऽामा,2,3,"['ऽा', 'ऽ्', '्ऽ']",PROP,True,True,,
जिल्ऽ्ल्ऽा,2,3,"['ऽा', 'ऽ्', '्ऽ']",PROP,True,True,,
निरौल्ऽाको,2,2,"['ऽा', '्ऽ']",PROP,True,True,,
चन्ऽबाबु,2,2,"['ऽब', '्ऽ']",PROP,True,True,,
खगेन्ऽबहादुर,2,2,"['ऽब', '्ऽ']",PROP,True,True,,
साल्ऽको,2,2,"['ऽक', '्ऽ']",PROP,True,True,,
मन्थल्ऽीमा,2,2,"['ऽी', '्ऽ']",PROP,True,True,,
मुग़ल,2,2,"['ग़', '़ल']",PROP,True,True,,
केन्ऽिय,2,2,"['ऽि', '्ऽ']",PROP,True,True,,
दोल्ऽखा,2,2,"['ऽख', '्ऽ']",PROP,True,True,,
बल्ऽत्कार,2,2,"['ऽत', '्ऽ']",PROP,True,True,,
दोल्ऽखाको,2,2,"['ऽख', '्ऽ']",PROP,True,True,,
इन्ऽेणी,2,2,"['ऽे', '्ऽ']",PROP,True,True,,
केन्ऽित,2,2,"['ऽि', '्ऽ']",PROP,True,True,,
प्रहरील्ऽे,2,2,"['ऽे', '्ऽ']",PROP,True,True,,
अवल्ऽोकन,2,2,"['ऽो', '्ऽ']",PROP,True,True,,
गाँऊपालिकाले,2,2,"['ँऊ', 'ऊप']",PROP,True,True,,
महेन्ऽले,2,2,"['ऽल', '्ऽ']",PROP,True,True,,
सोल्ऽुखुम्बु,2,2,"['ऽु', '्ऽ']",PROP,True,True,,
छबिन्ऽविक्रम,2,2,"['ऽव', '्ऽ']",PROP,True,True,,
एसएल्ऽसी,2,2,"['ऽस', '्ऽ']",PROP,True,True,,
आंफ़ैले,2,2,"['ंफ', '़ै']",PROP,True,True,,
आअइक्यू,2,2,"['अइ', 'आअ']",PROP,True,True,,
भुटृी,2,2,"['टृ', 'ृी']",PROP,True,True,,
ठाँऊहरु,2,2,"['ँऊ', 'ऊह']",PROP,True,True,,
जथउयअचष्तभ,2,3,"['उय', 'चष', 'थउ']",PROP,True,True,,
क्षःभ्,2,2,"['ःभ', 'षः']",PROP,True,True,,
ङ्याङङुङ,2,2,"['ङङ', 'ङु']",PROP,True,True,,
भ्हउयचत,2,2,"['उय', 'हउ']",PROP,True,True,,
स्पॉटलाइटमा,2,2,"['पॉ', 'ॉट']",PROP,True,True,,
स्पॉटलाइट,2,2,"['पॉ', 'ॉट']",PROP,True,True,,
सवोृच्च,2,2,"['ृच', 'ोृ']",PROP,True,True,,
सर्वोृच्चमा,2,2,"['ृच', 'ोृ']",PROP,True,True,,
एःभ्,2,2,"['ःभ', 'एः']",PROP,True,True,,
औशधी,2,2,"['औश', 'शध']",PROP,True,True,,
रणउणटका,2,2,"['णउ', 'णट']",PROP,True,True,,
ःयखझभलत,2,3,"['ःय', 'खझ', 'झभ']",PROP,True,True,,
बढाउॅदै,2,2,"['उॅ', 'ॅद']",PROP,True,True,,
ब्ध्भ्क्इःभ्,2,2,"['ःभ', 'इः']",PROP,True,True,,
ठृ्ल्दाजु,2,2,"['ठृ', 'ृ्']",PROP,True,True,,
जाॅदा,2,2,"['ाॅ', 'ॅद']",PROP,True,True,,
आफृ्लाई,2,2,"['फृ', 'ृ्']",PROP,True,True,,
ज्ञद्धण्,2,2,"['ञद', 'धण']",PROP,True,True,,
दिउॅसो,2,2,"['उॅ', 'ॅस']",PROP,True,True,,
उठाउॅंदै,2,2,"['उॅ', 'ॅं']",PROP,True,True,,
बताउॅंदै,2,2,"['उॅ', 'ॅं']",PROP,True,True,,
आउॅंदो,2,2,"['उॅ', 'ॅं']",PROP,True,True,,
ज्ञज्ञछ,2,2,"['ञछ', 'ञज']",PROP,True,True,,
बाॅके,2,2,"['ाॅ', 'ॅक']",PROP,True,True,,
त्यहाॅका,2,2,"['ाॅ', 'ॅक']",PROP,True,True,,
नवीगाउॅमा,2,2,"['उॅ', 'ॅम']",PROP,True,True,,
मभखभयिऊभलत,2,2,"['ऊभ', 'भख']",PROP,True,True,,
इलेक्ट्रॉनिकी,2,2,"['रॉ', 'ॉन']",PROP,True,True,,
न्यूट्रॉन,2,2,"['रॉ', 'ॉन']",PROP,True,True,,
ईतिहाॅसलाई,2,2,"['ाॅ', 'ॅस']",PROP,True,True,,
डाॅडामा,2,2,"['ाॅ', 'ॅड']",PROP,True,True,,
मनाउॅछन,2,2,"['उॅ', 'ॅछ']",PROP,True,True,,
ज्ञज्ञण्,2,2,"['ञज', 'ञण']",PROP,True,True,,
छफफलमार्फत,2,2,"['छफ', 'फफ']",PROP,True,True,,
घिउलाडाॅडामा,2,2,"['ाॅ', 'ॅड']",PROP,True,True,,
गाउॅपालिकाका,2,2,"['उॅ', 'ॅप']",PROP,True,True,,
ढज्ञज्ञ,2,2,"['ञज', 'ढज']",PROP,True,True,,
गाउॅघरमा,2,2,"['उॅ', 'ॅघ']",PROP,True,True,,
ज्ञज्ञठ,2,2,"['ञज', 'ञठ']",PROP,True,True,,
पॉवर,2,2,"['पॉ', 'ॉव']",PROP,True,True,,
तपॉई,2,2,"['पॉ', 'ॉई']",PROP,True,True,,
ल्ऋब्च्,2,2,"['ऋब', '्ऋ']",PROP,True,True,,
ठाउॅबाट,2,2,"['उॅ', 'ॅब']",PROP,True,True,,
ल्याउॅने,2,2,"['उॅ', 'ॅन']",PROP,True,True,,
भखैृरै,2,2,"['भख', 'ैृ']",PROP,True,True,,
नयाॅशक्तिमा,2,2,"['ाॅ', 'ॅश']",PROP,True,True,,
रॉयल्टी,2,2,"['रॉ', 'ॉय']",PROP,True,True,,
बॉडफॉट,2,2,"['ॉट', 'ॉड']",PROP,True,True,,
ऋजष्लब,2,2,"['ऋज', 'जष']",PROP,True,True,,
च्भखष्भध,2,2,"['खष', 'भख']",PROP,True,True,,
जॉदैछौ,2,2,"['जॉ', 'ॉद']",PROP,True,True,,
जॉदा,2,2,"['जॉ', 'ॉद']",PROP,True,True,,
जॉदै,2,2,"['जॉ', 'ॉद']",PROP,True,True,,
क्ष्ऋइच्,2,2,"['ऋइ', '्ऋ']",PROP,True,True,,
बौङ्झतक,2,2,"['झत', 'ौङ']",PROP,True,True,,
काग़ज़ात,2,2,"['ग़', '़ज']",PROP,True,True,,
काग़ज़,2,2,"['ग़', '़ज']",PROP,True,True,,
घॉटीका,2,2,"['घॉ', 'ॉट']",PROP,True,True,,
घॉटी,2,2,"['घॉ', 'ॉट']",PROP,True,True,,
वॉट्सएपमा,2,2,"['वॉ', 'ॉट']",PROP,True,True,,
ल्ऋँ,2,2,"['ऋँ', '्ऋ']",PROP,True,True,,
फिरऔन,2,2,"['औन', 'रऔ']",PROP,True,True,,
एब्ऋप्द्दछण्,2,2,"['ऋप', '्ऋ']",PROP,True,True,,
राँऽऽ,2,2,"['ँऽ', 'ऽऽ']",PROP,True,True,,
रऽऽ,2,2,"['रऽ', 'ऽऽ']",PROP,True,True,,
म्भझभम,2,2,"['झभ', 'भझ']",PROP,True,True,,
अँऽऽ,2,2,"['ँऽ', 'ऽऽ']",PROP,True,True,,
ःयलभथ,2,2,"['ःय', 'भथ']",PROP,True,True,,
एऽऽ,2,2,"['एऽ', 'ऽऽ']",PROP,True,True,,
शॉट्स,2,2,"['शॉ', 'ॉट']",PROP,True,True,,
मॉनबहरु,2,2,"['मॉ', 'ॉन']",PROP,True,True,,
यीऽऽ,2,2,"['ऽऽ', 'ीऽ']",PROP,True,True,,
ढॉट्यो,2,2,"['ढॉ', 'ॉट']",PROP,True,True,,
च्भत्रगष्चझभलतक,2,2,"['चझ', 'झभ']",PROP,True,True,,
जॉब,2,2,"['जॉ', 'ॉब']",PROP,True,True,,
पदैृछु,2,2,"['ृछ', 'ैृ']",PROP,True,True,,
घघछ,2,2,"['घघ', 'घछ']",PROP,True,True,,
भेडि़हारिमा,2,2,"['़ह', 'ि़']",PROP,True,True,,
ओलीु,2,1,['ीु'],PROP,True,True,,
ढॉचामा,2,2,"['ढॉ', 'ॉच']",PROP,True,True,,
चॉही,2,2,"['चॉ', 'ॉह']",PROP,True,True,,
गॉउपालिकामा,2,2,"['गॉ', 'ॉउ']",PROP,True,True,,
दॉनबहरुको,2,2,"['दॉ', 'ॉन']",PROP,True,True,,
कुॅवर,2,2,"['ुॅ', 'ॅव']",PROP,True,True,,
सङंख्या,2,1,['ङं'],PROP,True,True,,
रोज़गारीको,2,1,['़ग'],PROP,True,True,,
ज्ञण्द्धढ,2,2,"['ञण', 'धढ']",PROP,True,True,,
दषी,2,1,['दष'],PROP,True,True,,
समॉजमॉ,2,2,"['मॉ', 'ॉज']",PROP,True,True,,
अलट्रावॉयलेट,2,2,"['वॉ', 'ॉय']",PROP,True,True,,
प्राय़ः,2,2,"['य़', '़ः']",PROP,True,True,,
रिऋर्ब,2,2,"['ऋर', 'िऋ']",PROP,True,True,,
य़ॊ,2,2,"['य़', '़ॊ']",PROP,True,True,,
पूाजीगत,2,1,['ूा'],PROP,True,True,,
पिछटई,2,1,['टई'],PROP,True,True,,
धामिॅक,2,2,"['िॅ', 'ॅक']",PROP,True,True,,
रहॅदै,2,2,"['हॅ', 'ॅद']",PROP,True,True,,
लॆखा,2,2,"['लॆ', 'ॆख']",PROP,True,True,,
आउऩुहुन्छ,2,2,"['उऩ', 'ऩु']",PROP,True,True,,
अठसठृीऔँ,2,2,"['ठृ', 'ृी']",PROP,True,True,,
व्हिटिंगघमले,2,1,['गघ'],PROP,True,True,,
उ्रत्पादन,2,1,['उ्'],PROP,True,True,,
उऩीहरू,2,2,"['उऩ', 'ऩी']",PROP,True,True,,
रिऋीराम,2,2,"['ऋी', 'िऋ']",PROP,True,True,,
अर्धउपनिवेशको,2,1,['धउ'],PROP,True,True,,
मसानघाटझैँ,2,1,['टझ'],PROP,True,True,,
उऩदपा,2,2,"['उऩ', 'ऩद']",PROP,True,True,,
एउ्टा,2,1,['उ्'],PROP,True,True,,
संीवधान,2,1,['ंी'],PROP,True,True,,
गघि,2,1,['गघ'],PROP,True,True,,
तुलसंी,2,1,['ंी'],PROP,True,True,,
बनाउऩे,2,2,"['उऩ', 'ऩे']",PROP,True,True,,
मुढभेड,2,1,['ढभ'],PROP,True,True,,
सुदृढभन्दा,2,1,['ढभ'],PROP,True,True,,
झाँटझुँट,2,1,['टझ'],PROP,True,True,,
ऑक्सिटॉसिन,2,2,"['ऑक', 'टॉ']",PROP,True,True,,
उदयपुरलॆ,2,1,['लॆ'],PROP,True,True,,
हेर्योि,2,1,['ोि'],PROP,True,True,,
खष्कष्यल,2,1,['खष'],PROP,True,True,,
अःपताल,2,1,['अः'],PROP,True,True,,
पुनःचक्रीय,2,1,['ःच'],PROP,True,True,,
काडठमाडौँ,2,1,['डठ'],PROP,True,True,,
एऔटा,2,2,"['एऔ', 'औट']",PROP,True,True,,
निऽाको,2,2,"['ऽा', 'िऽ']",PROP,True,True,,
देऊवा,2,1,['ऊव'],PROP,True,True,,
तिर्थधर्म,2,1,['थध'],PROP,True,True,,
तेस्तइ,2,1,['तइ'],PROP,True,True,,
ढुङढुङ,2,1,['ङढ'],PROP,True,True,,
अलऎनको,2,2,"['ऎन', 'लऎ']",PROP,True,True,,
कोऽहम्,2,2,"['ऽह', 'ोऽ']",PROP,True,True,,
सोऽहम्,2,2,"['ऽह', 'ोऽ']",PROP,True,True,,
तराज़ूमा,2,1,['़ू'],PROP,True,True,,
खाणँको,2,1,['णँ'],PROP,True,True,,
नऔंल्याई,2,1,['नऔ'],PROP,True,True,,
आफलेू,2,1,['ेू'],PROP,True,True,,
केदारनाथउपाध्याय,2,1,['थउ'],PROP,True,True,,
इीतहास,2,1,['इी'],PROP,True,True,,
माझघट्टमा,2,1,['झघ'],PROP,True,True,,
झुन्डझुन्डलाई,2,1,['डझ'],PROP,True,True,,
अर्थउपार्जन,2,1,['थउ'],PROP,True,True,,
पाठखोलाको,2,1,['ठख'],PROP,True,True,,
भन्नेू,2,1,['ेू'],PROP,True,True,,
ठँहिटीको,2,1,['ठँ'],PROP,True,True,,
देखिएो,2,1,['एो'],PROP,True,True,,
गर्नुपर्नेू,2,1,['ेू'],PROP,True,True,,
झघट्ट,2,1,['झघ'],PROP,True,True,,
कृउले,2,1,['ृउ'],PROP,True,True,,
अघाउँञ्जेल,2,1,['ँञ'],PROP,True,True,,
खुऽा,2,2,"['ऽा', 'ुऽ']",PROP,True,True,,
ठॉऊमा,2,2,"['ठॉ', 'ॉऊ']",PROP,True,True,,
एकोऽहम्,2,2,"['ऽह', 'ोऽ']",PROP,True,True,,
भछैन,2,1,['भछ'],PROP,True,True,,
औछ्याउने,2,1,['औछ'],PROP,True,True,,
चढ़यो,2,1,['़य'],PROP,True,True,,
हौइनन्,2,1,['ौइ'],PROP,True,True,,
बढढाउने,2,1,['ढढ'],PROP,True,True,,
हौङलाई,2,1,['ौङ'],PROP,True,True,,
इझि,2,1,['इझ'],PROP,True,True,,
मातृऔंशी,2,1,['ृऔ'],PROP,True,True,,
घइतेको,2,1,['घइ'],PROP,True,True,,
देखउँछ,2,1,['खउ'],PROP,True,True,,
देखउनु,2,1,['खउ'],PROP,True,True,,
परिष्कृतढङ्गले,2,1,['तढ'],PROP,True,True,,
ज्ञछण्,2,1,['ञछ'],PROP,True,True,,
ई्न्टरटेनमेन्ट,2,1,['ई्'],PROP,True,True,,
ऑंमा,2,1,['ऑं'],PROP,True,True,,
ऊड्ने,2,1,['ऊड'],PROP,True,True,,
धङघङी,2,1,['घङ'],PROP,True,True,,
चिरऋणी,2,1,['रऋ'],PROP,True,True,,
काठमाडौ्,2,1,['ौ्'],PROP,True,True,,
षड़यन्त्रहरू,2,1,['़य'],PROP,True,True,,
काठमाडौ्र,2,1,['ौ्'],PROP,True,True,,
गुइझाउ,2,1,['इझ'],PROP,True,True,,
डेढघन्टासम्म,2,1,['ढघ'],PROP,True,True,,
शीर्षठ,2,1,['षठ'],PROP,True,True,,
ई्श्वर,2,1,['ई्'],PROP,True,True,,
ऋशिकेश,2,1,['ऋश'],PROP,True,True,,
अनाथआश्रममा,2,1,['थआ'],PROP,True,True,,
गुइझाओ,2,1,['इझ'],PROP,True,True,,
ऐबेनेजर,2,1,['ऐब'],PROP,True,True,,
वॉशर,2,2,"['वॉ', 'ॉश']",PROP,True,True,,
सशक्तढंगले,2,1,['तढ'],PROP,True,True,,
ऐबरले,2,1,['ऐब'],PROP,True,True,,
बिभिन्ऩ,2,1,['्ऩ'],PROP,True,True,,
चचिॅत,2,2,"['िॅ', 'ॅत']",PROP,True,True,,
सन्दभॅमा,2,2,"['भॅ', 'ॅम']",PROP,True,True,,
क्रमशःः,2,1,['ःः'],PROP,True,True,,
बुद्घधर्ममा,2,1,['घध'],PROP,True,True,,
जृुन,2,1,['जृ'],PROP,True,True,,
उनान्सयओटालाई,2,1,['यओ'],PROP,True,True,,
जोङउनलाई,2,1,['ङउ'],PROP,True,True,,
अर्धऔपनिवेशिकताको,2,1,['धऔ'],PROP,True,True,,
संूूख्यामा,2,1,['ंू'],PROP,True,True,,
काकीैले,2,1,['ीै'],PROP,True,True,,
काठमाडौंआँ,2,1,['ंआ'],PROP,True,True,,
झैु,2,1,['ैु'],PROP,True,True,,
हास्बेल्लाउईले,2,1,['उई'],PROP,True,True,,
भथ्र्यो,2,1,['भथ'],PROP,True,True,,
विद्याथीैहरुलाई,2,1,['ीै'],PROP,True,True,,
दॅशै,2,2,"['दॅ', 'ॅश']",PROP,True,True,,
छोरीलाईझै,2,1,['ईझ'],PROP,True,True,,
भनँू,2,1,['ँू'],PROP,True,True,,
सौर्यऊर्जाको,2,1,['यऊ'],PROP,True,True,,
कलिङउडले,2,1,['ङउ'],PROP,True,True,,
गर्नुहुोस्,2,1,['ुो'],PROP,True,True,,
एऽया,2,2,"['एऽ', 'ऽय']",PROP,True,True,,
घछनामा,2,1,['घछ'],PROP,True,True,,
जानॆछन्,2,2,"['नॆ', 'ॆछ']",PROP,True,True,,
प्रार्थणा,2,1,['थण'],PROP,True,True,,
ऋभु,2,1,['ऋभ'],PROP,True,True,,
पोटॅशियम,2,2,"['टॅ', 'ॅश']",PROP,True,True,,
सबखथानी,2,1,['खथ'],PROP,True,True,,
सबखथनी,2,1,['खथ'],PROP,True,True,,
ऐेनको,2,1,['ऐे'],PROP,True,True,,
युऐई,2,2,"['ऐई', 'ुऐ']",PROP,True,True,,
आत्मसमर्थण,2,1,['थण'],PROP,True,True,,
दिदैंआएको,2,1,['ंआ'],PROP,True,True,,
वाघधुरा,2,1,['घध'],PROP,True,True,,
एकईश्वरवाद,2,1,['कई'],PROP,True,True,,
ऐहा,2,1,['ऐह'],PROP,True,True,,
सर्वसाधारणझैँ,2,1,['णझ'],PROP,True,True,,
लिम्बकूो,2,1,['ूो'],PROP,True,True,,
घोषँणा,2,1,['षँ'],PROP,True,True,,
पुनःनिर्माणआगामी,2,1,['णआ'],PROP,True,True,,
ग्रहणआइतवार,2,1,['णआ'],PROP,True,True,,
अऩुरोध,2,2,"['अऩ', 'ऩु']",PROP,True,True,,
दिएखि,2,1,['एख'],PROP,True,True,,
एवंआगामी,2,1,['ंआ'],PROP,True,True,,
नैु,2,1,['ैु'],PROP,True,True,,
हॊइन,2,2,"['हॊ', 'ॊइ']",PROP,True,True,,
मातृऋणको,2,1,['ृऋ'],PROP,True,True,,
आयॅघाट,2,2,"['यॅ', 'ॅघ']",PROP,True,True,,
बारुथथान,2,1,['थथ'],PROP,True,True,,
रैुछ,2,1,['ैु'],PROP,True,True,,
एख्लासलाई,2,1,['एख'],PROP,True,True,,
लिइऩ्छ,2,2,"['इऩ', 'ऩ्']",PROP,True,True,,
औवल,2,1,['औव'],PROP,True,True,,
वर्षँ,2,1,['षँ'],PROP,True,True,,
सौर्यऊर्जाका,2,1,['यऊ'],PROP,True,True,,
तेह्रथथुम,2,1,['थथ'],PROP,True,True,,
चौधऔं,2,1,['धऔ'],PROP,True,True,,
ऊठाए,2,1,['ऊठ'],PROP,True,True,,
ओधिअम्बो,2,1,['ओध'],PROP,True,True,,
सक्छएक,2,1,['छए'],PROP,True,True,,
पँूजीगत,2,1,['ँू'],PROP,True,True,,
ऋभलतचभ,2,1,['ऋभ'],PROP,True,True,,
ठाउूहरुमा,2,1,['उू'],PROP,True,True,,
बताउूछिन्,2,1,['उू'],PROP,True,True,,
शुभघाट,2,1,['भघ'],PROP,True,True,,
ऐहिकता,2,1,['ऐह'],PROP,True,True,,
तपाईालाई,2,1,['ईा'],PROP,True,True,,
पाठएको,2,1,['ठए'],PROP,True,True,,
श्रृफको,2,1,['ृफ'],PROP,True,True,,
भढि,2,1,['भढ'],PROP,True,True,,
गर्दैछुःट्रम्प,2,1,['ःट'],PROP,True,True,,
आकॅषक,2,2,"['कॅ', 'ॅष']",PROP,True,True,,
छअर्ब,2,1,['छअ'],PROP,True,True,,
औमा,2,1,['औम'],PROP,True,True,,
पाचँओटा,2,1,['ँओ'],PROP,True,True,,
आईपीओः,2,1,['ओः'],PROP,True,True,,
एीब्,2,1,['एी'],PROP,True,True,,
निमाणृ,2,1,['णृ'],PROP,True,True,,
यृूएनएचसीआरकी,2,1,['ृू'],PROP,True,True,,
चलाऊथे,2,1,['ऊथ'],PROP,True,True,,
धेरैलाईै,2,1,['ईै'],PROP,True,True,,
सरकारलाईै,2,1,['ईै'],PROP,True,True,,
महन्ठथ,2,1,['ठथ'],PROP,True,True,,
क्ष्ल्एी,2,1,['एी'],PROP,True,True,,
दीर्घआयु,2,1,['घआ'],PROP,True,True,,
आइएसओअनुसार,2,1,['ओअ'],PROP,True,True,,
नबआगन्तुक,2,1,['बआ'],PROP,True,True,,
वर्षथपिदिने,2,1,['षथ'],PROP,True,True,,
आइएलओअन्तर्गत,2,1,['ओअ'],PROP,True,True,,
नजओस्,2,1,['जओ'],PROP,True,True,,
भढ्छ,2,1,['भढ'],PROP,True,True,,
दबाबआयो,2,1,['बआ'],PROP,True,True,,
भऐं,2,1,['भऐ'],PROP,True,True,,
छऊन्जेल,2,1,['छऊ'],PROP,True,True,,
काअी,2,1,['अी'],PROP,True,True,,
नौएटले,2,1,['ौए'],PROP,True,True,,
बृफिङ,2,1,['ृफ'],PROP,True,True,,
बआचौँ,2,1,['बआ'],PROP,True,True,,
फाऊण्डेशनका,2,1,['ऊण'],PROP,True,True,,
आफूे,2,1,['ूे'],PROP,True,True,,
बाघझैँ,2,1,['घझ'],PROP,True,True,,
दौढधुपमा,2,1,['ढध'],PROP,True,True,,
ॠग्वेदमा,2,1,['ॠग'],PROP,True,True,,
मौआवड,2,1,['ौआ'],PROP,True,True,,
द्दण्ज्ञठ,2,1,['ञठ'],PROP,True,True,,
टूेड,2,1,['ूे'],PROP,True,True,,
टूेनले,2,1,['ूे'],PROP,True,True,,
जओस,2,1,['जओ'],PROP,True,True,,
खुव़ाउन,2,1,['व़'],PROP,True,True,,
फरोोजी,2,1,['ोो'],PROP,True,True,,
रुखझैँ,2,1,['खझ'],PROP,True,True,,
सॆना,2,2,"['सॆ', 'ॆन']",PROP,True,True,,
धॆरै,2,2,"['धॆ', 'ॆर']",PROP,True,True,,
छ्योअीमा,2,1,['अी'],PROP,True,True,,
छगाम,2,1,['छग'],PROP,True,True,,
सम्पूणृ,2,1,['णृ'],PROP,True,True,,
शिर्षथ,2,1,['षथ'],PROP,True,True,,
बौएलालले,2,1,['ौए'],PROP,True,True,,
धुढधुकी,2,1,['ढध'],PROP,True,True,,
नगरेकोू,2,1,['ोू'],PROP,True,True,,
नगाँओ,2,1,['ँओ'],PROP,True,True,,
हुन्छअनि,2,1,['छअ'],PROP,True,True,,
राजदृूत,2,1,['ृू'],PROP,True,True,,
ऊध्र्वगत,2,1,['ऊध'],PROP,True,True,,
चलाऊथें,2,1,['ऊथ'],PROP,True,True,,
केहअी,2,1,['अी'],PROP,True,True,,
उठएका,2,1,['ठए'],PROP,True,True,,
परदॆशमा,2,2,"['दॆ', 'ॆश']",PROP,True,True,,
नौओटासम्म,2,1,['ौओ'],PROP,True,True,,
जझारु,2,1,['जझ'],PROP,True,True,,
भठिहनमा,2,1,['भठ'],PROP,True,True,,
हिमशृफ्ला,2,1,['ृफ'],PROP,True,True,,
आोलीको,2,1,['आो'],PROP,True,True,,
ऋसिराम,2,1,['ऋस'],PROP,True,True,,
सॆप्तेम्बेर,2,2,"['सॆ', 'ॆप']",PROP,True,True,,
पुग्नॆ,2,1,['नॆ'],PROP,True,True,,
स्त्रैषूय,2,1,['षू'],PROP,True,True,,
कपःटेष्ट,2,1,['ःट'],PROP,True,True,,
औगादुगो,2,1,['औग'],PROP,True,True,,
भूईामान्छे,2,1,['ईा'],PROP,True,True,,
आोलम्पिक,2,1,['आो'],PROP,True,True,,
छअाइसीसीको,2,1,['छअ'],PROP,True,True,,
ऋसि,2,1,['ऋस'],PROP,True,True,,
महत्वपूणृ,2,1,['णृ'],PROP,True,True,,
दाशढुङ्गामा,2,1,['शढ'],PROP,True,True,,
पर्योू,2,1,['ोू'],PROP,True,True,,
औगात,2,1,['औग'],PROP,True,True,,
आइपिओः,2,1,['ओः'],PROP,True,True,,
धईबाजी,2,1,['धई'],PROP,True,True,,
औमान,2,1,['औम'],PROP,True,True,,
वाट्सऐप,2,1,['सऐ'],PROP,True,True,,
साँओ,2,1,['ँओ'],PROP,True,True,,
फोटोशॉप,2,1,['शॉ'],PROP,True,True,,
साउथईष्ट,2,1,['थई'],PROP,True,True,,
बरर्भझ्याङ्ग,2,1,['भझ'],PROP,True,True,,
छइपेको,2,1,['छइ'],PROP,True,True,,
ओघटेको,2,1,['ओघ'],PROP,True,True,,
सभझदारी,2,1,['भझ'],PROP,True,True,,
हॊला,2,1,['हॊ'],PROP,True,True,,
होमःटे,2,1,['ःट'],PROP,True,True,,
ऋक्थ,2,1,['ऋक'],PROP,True,True,,
अफृकामा,2,1,['फृ'],PROP,True,True,,
ॐकारेश्वर,2,1,['ॐक'],PROP,True,True,,
मैथई,2,1,['थई'],PROP,True,True,,
स्वःफूर्त,2,1,['ःफ'],PROP,True,True,,
आॅगाखेतमा,2,1,['आॅ'],PROP,True,True,,
ऐटेप,2,1,['ऐट'],PROP,True,True,,
प्राङणबाट,2,1,['ङण'],PROP,True,True,,
अथृमा,2,1,['थृ'],PROP,True,True,,
बर्षऔं,2,1,['षऔ'],PROP,True,True,,
आुसार,2,1,['आु'],PROP,True,True,,
पृष्ठआपतकालीन,2,1,['ठआ'],PROP,True,True,,
चठ्ठी,2,1,['चठ'],PROP,True,True,,
ढाढखोलाका,2,1,['ढख'],PROP,True,True,,
ढाढखोला,2,1,['ढख'],PROP,True,True,,
आॅगाखेत,2,1,['आॅ'],PROP,True,True,,
आुलको,2,1,['आु'],PROP,True,True,,
ऐईलिना,2,1,['ऐई'],PROP,True,True,,
ऐथेन्सको,2,1,['ऐथ'],PROP,True,True,,
बइढाएको,2,1,['इढ'],PROP,True,True,,
ढकाललाृइ,2,1,['ृइ'],PROP,True,True,,
धॉँधलीको,2,2,"['धॉ', 'ॉँ']",PROP,True,True,,
इसुऐन्स,2,1,['ुऐ'],PROP,True,True,,
दर्ुगन्धझैँ,2,1,['धझ'],PROP,True,True,,
माऒवादी,2,2,"['ऒव', 'ाऒ']",PROP,True,True,,
दशओटै,2,1,['शओ'],PROP,True,True,,
उर्लाबारीःइटहरीका,2,1,['ःइ'],PROP,True,True,,
नपाऊञ्जेल,2,1,['ऊञ'],PROP,True,True,,
लागऔषधसहित,2,1,['गऔ'],PROP,True,True,,
मध्यदेशझैँ,2,1,['शझ'],PROP,True,True,,
मनगढ़ंत,2,1,['़ं'],PROP,True,True,,
नबुझई,2,1,['झई'],PROP,True,True,,
जनऐक्यबद्धता,2,1,['नऐ'],PROP,True,True,,
दृढशक्ति,2,1,['ढश'],PROP,True,True,,
गराउृन,2,1,['उृ'],PROP,True,True,,
गुईठा,2,1,['ईठ'],PROP,True,True,,
कृष्णष्टमी,2,1,['णष'],PROP,True,True,,
आऐकोमा,2,1,['आऐ'],PROP,True,True,,
दोसैो,2,1,['ैो'],PROP,True,True,,
साउृन,2,1,['उृ'],PROP,True,True,,
समथृक,2,1,['थृ'],PROP,True,True,,
बुधथापा,2,1,['धथ'],PROP,True,True,,
ॐलाई,2,1,['ॐल'],PROP,True,True,,
शक्त्याऽतिकोपना,2,1,['ऽत'],PROP,True,True,,
ऎतिहसिक,2,1,['ऎत'],PROP,True,True,,
निकृञ्जभित्रको,2,1,['ृञ'],PROP,True,True,,
हुन्छऽ,2,1,['छऽ'],PROP,True,True,,
ॐलाल,2,1,['ॐल'],PROP,True,True,,
फञ्सन,2,1,['फञ'],PROP,True,True,,
प्राकॢतिक,2,2,"['कॢ', 'ॢत']",PROP,True,True,,
जॊडेको,2,2,"['जॊ', 'ॊड']",PROP,True,True,,
ऒइरो,2,1,['ऒइ'],PROP,True,True,,
राजऋषिको,2,1,['जऋ'],PROP,True,True,,
ऋीष,2,1,['ऋी'],PROP,True,True,,
बालकॄष्णजी,2,2,"['कॄ', 'ॄष']",PROP,True,True,,
व्यवःिथत,2,1,['ःि'],PROP,True,True,,
तरऽ,2,1,['रऽ'],PROP,True,True,,
घोणषा,2,1,['णष'],PROP,True,True,,
प्रौढअवस्था,2,1,['ढअ'],PROP,True,True,,
पुनःघटेको,2,1,['ःघ'],PROP,True,True,,
सृञ्जना,2,1,['ृञ'],PROP,True,True,,
कृष्णऔँसी,2,1,['णऔ'],PROP,True,True,,
लाईो,2,1,['ईो'],PROP,True,True,,
चढए,2,1,['ढए'],PROP,True,True,,
राखइने,2,1,['खइ'],PROP,True,True,,
यौिनक,2,1,['ौि'],PROP,True,True,,
खओजी,2,1,['खओ'],PROP,True,True,,
तटष्ठ,2,1,['टष'],PROP,True,True,,
ऐण्टिवायोटिक,2,1,['ऐण'],PROP,True,True,,
सहिष्ण्ॉता,2,2,"['ॉत', '्ॉ']",PROP,True,True,,
गनेॅ,2,1,['ेॅ'],PROP,True,True,,
ऋहान,2,1,['ऋह'],PROP,True,True,,
आऐको,2,1,['आऐ'],PROP,True,True,,
प्रकाशझैँ,2,1,['शझ'],PROP,True,True,,
आनुषङ्गिक,2,1,['षङ'],PROP,True,True,,
घफारले,2,1,['घफ'],PROP,True,True,,
म्ग्म्द्यऋ,2,1,['यऋ'],PROP,True,True,,
औहियोका,2,1,['औह'],PROP,True,True,,
राजनऐतिक,2,1,['नऐ'],PROP,True,True,,
सॅबिधान,2,1,['ॅब'],PROP,True,True,,
डेभओप्स,2,1,['भओ'],PROP,True,True,,
दाउरारगुईठा,2,1,['ईठ'],PROP,True,True,,
पूर्णङ्कको,2,1,['णङ'],PROP,True,True,,
श्रेयठले,2,1,['यठ'],PROP,True,True,,
रामैो,2,1,['ैो'],PROP,True,True,,
दॢढ,2,2,"['दॢ', 'ॢढ']",PROP,True,True,,
मनगढ़ंते,2,1,['़ं'],PROP,True,True,,
थिएऔं,2,1,['एऔ'],PROP,True,True,,
यऺण,2,2,"['यऺ', 'ऺण']",PROP,True,True,,
प्रस्टपादैॅ,2,1,['ैॅ'],PROP,True,True,,
भऱ्यो,2,1,['भऱ'],PROP,True,True,,
दुग्धफेनी,2,1,['धफ'],PROP,True,True,,
डेढअक्कल,2,1,['ढअ'],PROP,True,True,,
चठेल,2,1,['चठ'],PROP,True,True,,
धइँ,2,1,['धइ'],PROP,True,True,,
फणफण,2,1,['णफ'],PROP,True,True,,
क्रौञ्चपक्षी,2,1,['ौञ'],PROP,True,True,,
खओला,2,1,['खओ'],PROP,True,True,,
चहान्छुौँ,2,1,['ुौ'],PROP,True,True,,
क्यु़्स्युमा,2,1,['ु़'],PROP,True,True,,
ऑगनमा,2,1,['ऑग'],PROP,True,True,,
सामञफल,2,1,['ञफ'],PROP,True,True,,
आौद्योगिक,2,1,['आौ'],PROP,True,True,,
ऎश्वर्य,2,1,['ऎश'],PROP,True,True,,
नपओस्,2,1,['पओ'],PROP,True,True,,
बायोग्याॉस,2,1,['ाॉ'],PROP,True,True,,
माओृवादी,2,1,['ओृ'],PROP,True,True,,
काॠ,2,1,['ाॠ'],PROP,True,True,,
छँौं,2,1,['ँौ'],PROP,True,True,,
झडङ्ङ,5,2,"['डङ', '्ङ']",PROP,True,True,double_nga_cluster,
डङ्ङगुर,4,2,"['डङ', '्ङ']",PROP,True,True,double_nga_cluster,
डङ्ङ,3,2,"['डङ', '्ङ']",PROP,True,True,double_nga_cluster,
हृवाङ्ङै,3,2,"['ङै', '्ङ']",PROP,True,True,double_nga_cluster,
तङ्ङु,2,2,"['ङु', '्ङ']",PROP,True,True,double_nga_cluster,
ढुङ्ङो,2,2,"['ङो', '्ङ']",PROP,True,True,double_nga_cluster,
ड्याङ्ङै,2,2,"['ङै', '्ङ']",PROP,True,True,double_nga_cluster,
छङ्ङ,2,2,"['छङ', '्ङ']",PROP,True,True,double_nga_cluster,
ठङ्ग्रङ्ङ,2,2,"['ठङ', '्ङ']",PROP,True,True,double_nga_cluster,
आऽऽऽ,4,2,"['आऽ', 'ऽऽ']",PROP,True,True,repeated_chars,
अइयाऽऽऽऽऽऽ,2,2,"['अइ', 'ऽऽ']",PROP,True,True,repeated_chars,
हरिनारायणऽऽऽ,2,2,"['णऽ', 'ऽऽ']",PROP,True,True,repeated_chars,
उऽऽऽ,2,2,"['उऽ', 'ऽऽ']",PROP,True,True,repeated_chars,
ओइऽऽऽ,2,2,"['इऽ', 'ऽऽ']",PROP,True,True,repeated_chars,
हजुऊऊऊर,2,2,"['ऊऊ', 'ुऊ']",PROP,True,True,repeated_chars,
सुद्दढिकरणतर्फनिर्देशित,3,1,['दढ'],PROP,True,True,too_long,
पूर्वऊर्जामन्त्रीसमेत,3,1,['वऊ'],PROP,True,True,too_long,
अर्कोतर्फअन्तर्ज्ञनको,2,2,"['ञन', 'फअ']",PROP,True,True,too_long,
दई,127,1,['दई'],PROP,True,True,too_short,
नई,99,1,['नई'],PROP,True,True,too_short,
इख,91,1,['इख'],PROP,True,True,too_short,
अौ,67,1,['अौ'],PROP,True,True,too_short,
थए,42,1,['थए'],PROP,True,True,too_short,
थट,38,1,['थट'],PROP,True,True,too_short,
यफ,37,1,['यफ'],PROP,True,True,too_short,
घई,29,1,['घई'],PROP,True,True,too_short,
आझ,27,1,['आझ'],PROP,True,True,too_short,
ऎन,25,1,['ऎन'],PROP,True,True,too_short,
हउ,23,1,['हउ'],PROP,True,True,too_short,
उङ,22,1,['उङ'],PROP,True,True,too_short,
छङ,21,1,['छङ'],PROP,True,True,too_short,
ऊट,19,1,['ऊट'],PROP,True,True,too_short,
हई,19,1,['हई'],PROP,True,True,too_short,
कई,18,1,['कई'],PROP,True,True,too_short,
फउ,17,1,['फउ'],PROP,True,True,too_short,
उु,16,1,['उु'],PROP,True,True,too_short,
ऐट,16,1,['ऐट'],PROP,True,True,too_short,
शठ,15,1,['शठ'],PROP,True,True,too_short,
वङ,14,1,['वङ'],PROP,True,True,too_short,
आः,14,1,['आः'],PROP,True,True,too_short,
आऔ,13,1,['आऔ'],PROP,True,True,too_short,
औा,12,1,['औा'],PROP,True,True,too_short,
खई,12,1,['खई'],PROP,True,True,too_short,
ऑफ,11,1,['ऑफ'],PROP,True,True,too_short,
अः,11,1,['अः'],PROP,True,True,too_short,
उई,10,1,['उई'],PROP,True,True,too_short,
दइ,9,1,['दइ'],PROP,True,True,too_short,
छछ,9,1,['छछ'],PROP,True,True,too_short,
इो,8,1,['इो'],PROP,True,True,too_short,
इः,7,1,['इः'],PROP,True,True,too_short,
ऊः,7,1,['ऊः'],PROP,True,True,too_short,
ओँ,5,1,['ओँ'],PROP,True,True,too_short,
घढ,5,1,['घढ'],PROP,True,True,too_short,
एु,5,1,['एु'],PROP,True,True,too_short,
यॊ,5,1,['यॊ'],PROP,True,True,too_short,
हॊ,5,1,['हॊ'],PROP,True,True,too_short,
हओ,5,1,['हओ'],PROP,True,True,too_short,
खइ,5,1,['खइ'],PROP,True,True,too_short,
ठठ,4,1,['ठठ'],PROP,True,True,too_short,
जइ,4,1,['जइ'],PROP,True,True,too_short,
अई,4,1,['अई'],PROP,True,True,too_short,
टठ,4,1,['टठ'],PROP,True,True,too_short,
नऔ,4,1,['नऔ'],PROP,True,True,too_short,
ऋब,4,1,['ऋब'],PROP,True,True,too_short,
ठङ,4,1,['ठङ'],PROP,True,True,too_short,
अओ,4,1,['अओ'],PROP,True,True,too_short,
औव,4,1,['औव'],PROP,True,True,too_short,
थई,4,1,['थई'],PROP,True,True,too_short,
भओ,4,1,['भओ'],PROP,True,True,too_short,
छघ,4,1,['छघ'],PROP,True,True,too_short,
नॉ,4,1,['नॉ'],PROP,True,True,too_short,
ऐम,3,1,['ऐम'],PROP,True,True,too_short,
ऋय,3,1,['ऋय'],PROP,True,True,too_short,
भछ,3,1,['भछ'],PROP,True,True,too_short,
टढ,3,1,['टढ'],PROP,True,True,too_short,
ओै,3,1,['ओै'],PROP,True,True,too_short,
ऋन,3,1,['ऋन'],PROP,True,True,too_short,
ऋौ,3,1,['ऋौ'],PROP,True,True,too_short,
ऑट,3,1,['ऑट'],PROP,True,True,too_short,
छढ,3,1,['छढ'],PROP,True,True,too_short,
घछ,2,1,['घछ'],PROP,True,True,too_short,
औम,2,1,['औम'],PROP,True,True,too_short,
छऊ,2,1,['छऊ'],PROP,True,True,too_short,
भऐ,2,1,['भऐ'],PROP,True,True,too_short,
ऋऋ,2,1,['ऋऋ'],PROP,True,True,too_short,
शॉ,2,1,['शॉ'],PROP,True,True,too_short,
भऽ,2,1,['भऽ'],PROP,True,True,too_short,
छऽ,2,1,['छऽ'],PROP,True,True,too_short,
गऐ,2,1,['गऐ'],PROP,True,True,too_short,
मऊ,2,1,['मऊ'],PROP,True,True,too_short,
